outcome,control_group,variable,estimate,std_error,t_value,p_value,ci_2_5,ci_97_5,n_obs
claim_reduction,all,ai_core,-0.0009990099873795897,0.0005794954437964608,-1.7239307022584238,0.08522951816336777,-0.002137069410475323,0.00013904943571614353,923926
claim_reduction,all,ai_x_post,0.0006006776895607442,0.0001988015633462694,3.021493792352595,0.002621208253257512,0.00021025530589166487,0.0009911000732298236,923926
claim_reduction,all,post2018,,,,,,,923926
claim_reduction,broad_noncore,ai_core,-0.0005554937265862932,0.0003040810816532605,-1.8267947600229701,0.07093845549854105,-0.0011593384902415784,4.8351037068991944e-05,92682
claim_reduction,broad_noncore,ai_x_post,0.001190247348301879,0.00040633973711914944,2.929192593223703,0.0042742721929711625,0.00038333716108986723,0.001997157535513891,92682
claim_reduction,broad_noncore,post2018,,,,,,,92682
claim_reduction,software,ai_core,-0.0005554937265862932,0.0003040810816532605,-1.8267947600229701,0.07093845549854105,-0.0011593384902415784,4.8351037068991944e-05,92682
claim_reduction,software,ai_x_post,0.001190247348301879,0.00040633973711914944,2.929192593223703,0.0042742721929711625,0.00038333716108986723,0.001997157535513891,92682
claim_reduction,software,post2018,,,,,,,92682
grant,all,ai_core,0.28133028755176664,0.03616058966468816,7.7800248878821145,3.086420008457935e-14,0.2103166229410312,0.3523439521625021,1415812
grant,all,ai_x_post,0.016693903891174512,0.004277197283964438,3.9030006761112754,0.00010553736714991047,0.008294166602210742,0.025093641180138283,1415812
grant,all,post2018,,,,,,,1415812
grant,broad_noncore,ai_core,0.2095744800718406,0.06604170254493981,3.1733657976069005,0.002030622273665905,0.07846512382104345,0.34068383632263777,140914
grant,broad_noncore,ai_x_post,0.001129188523376845,0.0036186976539774396,0.31204279311252037,0.755691844861561,-0.006054834625578216,0.008313211672331906,140914
grant,broad_noncore,post2018,,,,,,,140914
grant,software,ai_core,0.2095744800718406,0.06604170254493981,3.1733657976069005,0.002030622273665905,0.07846512382104345,0.34068383632263777,140914
grant,software,ai_x_post,0.001129188523376845,0.0036186976539774396,0.31204279311252037,0.755691844861561,-0.006054834625578216,0.008313211672331906,140914
grant,software,post2018,,,,,,,140914
has_reject_cite,all,ai_core,-0.24266269256619424,0.06680391703518462,-3.6324620371944274,0.0003042327896041197,-0.3738549934387831,-0.1114703916936054,1415812
has_reject_cite,all,ai_x_post,0.03087684234425621,0.0038539268538011944,8.011787331615245,5.773159728050814e-15,0.023308341067923247,0.03844534362058917,1415812
has_reject_cite,all,post2018,,,,,,,1415812
has_reject_cite,broad_noncore,ai_core,-0.25553137019434913,0.0694813961422307,-3.677694813029779,0.00038998159740843974,-0.39346938161093215,-0.11759335877776611,140914
has_reject_cite,broad_noncore,ai_x_post,0.021188061515483473,0.007771525859820127,2.7263708437269325,0.0076258316501713885,0.005759632003477951,0.036616491027489,140914
has_reject_cite,broad_noncore,post2018,,,,,,,140914
has_reject_cite,software,ai_core,-0.25553137019434913,0.0694813961422307,-3.677694813029779,0.00038998159740843974,-0.39346938161093215,-0.11759335877776611,140914
has_reject_cite,software,ai_x_post,0.021188061515483473,0.007771525859820127,2.7263708437269325,0.0076258316501713885,0.005759632003477951,0.036616491027489,140914
has_reject_cite,software,post2018,,,,,,,140914
log1p_applicant_count,all,ai_core,-0.017791398860056207,0.005250347617853187,-3.388613508095856,0.0007475176143048046,-0.028102249105623277,-0.0074805486144891385,1415812
log1p_applicant_count,all,ai_x_post,-0.0057357551335442845,0.0007280313318993026,-7.878445449017603,1.509903313490213e-14,-0.007165493235411876,-0.004306017031676693,1415812
log1p_applicant_count,all,post2018,,,,,,,1415812
log1p_applicant_count,broad_noncore,ai_core,-0.011688239050835419,0.005049591741469194,-2.3146899094528957,0.022783697155667193,-0.02171294612289885,-0.0016635319787719864,140914
log1p_applicant_count,broad_noncore,ai_x_post,-0.005019400966651962,0.001073476529436023,-4.675836712786842,9.668739419987915e-06,-0.007150521323958388,-0.0028882806093455354,140914
log1p_applicant_count,broad_noncore,post2018,,,,,,,140914
log1p_applicant_count,software,ai_core,-0.011688239050835419,0.005049591741469194,-2.3146899094528957,0.022783697155667193,-0.02171294612289885,-0.0016635319787719864,140914
log1p_applicant_count,software,ai_x_post,-0.005019400966651962,0.001073476529436023,-4.675836712786842,9.668739419987915e-06,-0.007150521323958388,-0.0028882806093455354,140914
log1p_applicant_count,software,post2018,,,,,,,140914
log1p_backward_cites,all,ai_core,-0.34392053636920333,0.10549398646505664,-3.2600961238972803,0.001175435891390686,-0.5510939990462976,-0.13674707369210903,1415812
log1p_backward_cites,all,ai_x_post,-0.022745190291179197,0.011146845481010895,-2.0405046728176646,0.04172803629504296,-0.0446358274128741,-0.0008545531694842991,1415812
log1p_backward_cites,all,post2018,,,,,,,1415812
log1p_backward_cites,broad_noncore,ai_core,-0.41926176891102923,0.13545012078291177,-3.0953222225839667,0.002583406616370132,-0.6881642571207457,-0.15035928070131277,140914
log1p_backward_cites,broad_noncore,ai_x_post,-0.03846659111339693,0.018016029789856784,-2.1351314114197364,0.03532284958228282,-0.07423293233296156,-0.0027002498938323016,140914
log1p_backward_cites,broad_noncore,post2018,,,,,,,140914
log1p_backward_cites,software,ai_core,-0.41926176891102923,0.13545012078291177,-3.0953222225839667,0.002583406616370132,-0.6881642571207457,-0.15035928070131277,140914
log1p_backward_cites,software,ai_x_post,-0.03846659111339693,0.018016029789856784,-2.1351314114197364,0.03532284958228282,-0.07423293233296156,-0.0027002498938323016,140914
log1p_backward_cites,software,post2018,,,,,,,140914
log1p_forward_cites,all,ai_core,0.3543662120156346,0.0795257332122557,4.455994276341023,9.928151128324458e-06,0.19819028129587624,0.510542142735393,1415812
log1p_forward_cites,all,ai_x_post,-0.21563989692711052,0.008650448415762079,-24.9281755769089,0.0,-0.23262800603223602,-0.19865178782198503,1415812
log1p_forward_cites,all,post2018,,,,,,,1415812
log1p_forward_cites,broad_noncore,ai_core,0.3439202121313912,0.08699562001098575,3.9533049145228363,0.0001482976091771171,0.17121207020367762,0.5166283540591048,140914
log1p_forward_cites,broad_noncore,ai_x_post,-0.19436490155120167,0.03865593575170442,-5.0280738978781985,2.3312442956058277e-06,-0.2711066367938596,-0.11762316630854372,140914
log1p_forward_cites,broad_noncore,post2018,,,,,,,140914
log1p_forward_cites,software,ai_core,0.3439202121313912,0.08699562001098575,3.9533049145228363,0.0001482976091771171,0.17121207020367762,0.5166283540591048,140914
log1p_forward_cites,software,ai_x_post,-0.19436490155120167,0.03865593575170442,-5.0280738978781985,2.3312442956058277e-06,-0.2711066367938596,-0.11762316630854372,140914
log1p_forward_cites,software,post2018,,,,,,,140914
log1p_grant_delay_days,all,ai_core,-0.32380979522535214,0.09718376726616643,-3.331932938332216,0.0009148477983984549,-0.5146670371470855,-0.13295255330361877,923929
log1p_grant_delay_days,all,ai_x_post,0.04850211588349369,0.007285857080772051,6.657022687350619,6.258815687942842e-11,0.03419356799952836,0.06281066376745903,923929
log1p_grant_delay_days,all,post2018,,,,,,,923929
log1p_grant_delay_days,broad_noncore,ai_core,-0.3111667495405662,0.08969616961168086,-3.4691197058658334,0.0007931026644636407,-0.4892855658953128,-0.13304793318581964,92683
log1p_grant_delay_days,broad_noncore,ai_x_post,0.0499036740515006,0.0077016744146523606,6.479587601958263,4.332051606326104e-09,0.03460967502538313,0.06519767307761806,92683
log1p_grant_delay_days,broad_noncore,post2018,,,,,,,92683
log1p_grant_delay_days,software,ai_core,-0.3111667495405662,0.08969616961168086,-3.4691197058658334,0.0007931026644636407,-0.4892855658953128,-0.13304793318581964,92683
log1p_grant_delay_days,software,ai_x_post,0.0499036740515006,0.0077016744146523606,6.479587601958263,4.332051606326104e-09,0.03460967502538313,0.06519767307761806,92683
log1p_grant_delay_days,software,post2018,,,,,,,92683
log1p_inventor_count,all,ai_core,0.15506226058473627,0.0631564545705709,2.4552084444745073,0.014356930322282357,0.03103299766435387,0.2790915235051187,1415812
log1p_inventor_count,all,ai_x_post,0.032963360746861806,0.0041848512442818975,7.876829742013489,1.532107773982716e-14,0.024744976437784574,0.04118174505593904,1415812
log1p_inventor_count,all,post2018,,,,,,,1415812
log1p_inventor_count,broad_noncore,ai_core,0.1835568296144087,0.047578656068331886,3.8579658355794373,0.00020823130496228082,0.08910125490913424,0.27801240431968316,140914
log1p_inventor_count,broad_noncore,ai_x_post,0.03811799393285866,0.004452229878530712,8.561551171620556,1.949551631241775e-13,0.029279200098651967,0.046956787767065356,140914
log1p_inventor_count,broad_noncore,post2018,,,,,,,140914
log1p_inventor_count,software,ai_core,0.1835568296144087,0.047578656068331886,3.8579658355794373,0.00020823130496228082,0.08910125490913424,0.27801240431968316,140914
log1p_inventor_count,software,ai_x_post,0.03811799393285866,0.004452229878530712,8.561551171620556,1.949551631241775e-13,0.029279200098651967,0.046956787767065356,140914
log1p_inventor_count,software,post2018,,,,,,,140914
log1p_reject_cites,all,ai_core,-0.46356151717966176,0.09723147405952841,-4.7676076256527145,2.3312645536233134e-06,-0.6545087155660163,-0.2726143187933072,1415812
log1p_reject_cites,all,ai_x_post,0.022498648266141966,0.009034788227558908,2.4902241977862976,0.0130299883949907,0.004755756710160975,0.04024153982212296,1415812
log1p_reject_cites,all,post2018,,,,,,,1415812
log1p_reject_cites,broad_noncore,ai_core,-0.4799640718055012,0.09783459719471145,-4.9058726214231925,3.842443881296731e-06,-0.6741903040642194,-0.285737839546783,140914
log1p_reject_cites,broad_noncore,ai_x_post,0.006926008914213483,0.01743513209291275,0.3972444187577365,0.6920783273638906,-0.027687104569556826,0.04153912239798379,140914
log1p_reject_cites,broad_noncore,post2018,,,,,,,140914
log1p_reject_cites,software,ai_core,-0.4799640718055012,0.09783459719471145,-4.9058726214231925,3.842443881296731e-06,-0.6741903040642194,-0.285737839546783,140914
log1p_reject_cites,software,ai_x_post,0.006926008914213483,0.01743513209291275,0.3972444187577365,0.6920783273638906,-0.027687104569556826,0.04153912239798379,140914
log1p_reject_cites,software,post2018,,,,,,,140914
