source_file,outcome,control_group,variable,estimate,std_error,t_value,p_value,ci_2_5,ci_97_5,n_obs,year,ci_lo,ci_hi,is_base,spec,model,ape,interaction_with,period,sub_sample,p_holm,p_bh,sig_raw_05,sig_holm_05,sig_bh_05,se_type,beta_restricted,beta_full,r2_restricted,r2_full,r_max_assumed,delta_to_zero,robust_if_delta_gt_1,reason_group,mean_cites,n_with_cite,citation_type
did_2018_summary.csv,claim_reduction,all,ai_core,-0.0009990099873795,0.0005794954437964,-1.7239307022584238,0.0852295181633677,-0.0021370694104753,0.0001390494357161,923926.0,,,,,,,,,,,,,,,,,,,,,,,,,,,
did_2018_summary.csv,claim_reduction,all,ai_x_post,0.0006006776895607,0.0001988015633462,3.021493792352595,0.0026212082532575,0.0002102553058916,0.0009911000732298,923926.0,,,,,,,,,,,,,,,,,,,,,,,,,,,
did_2018_summary.csv,claim_reduction,all,post2018,,,,,,,923926.0,,,,,,,,,,,,,,,,,,,,,,,,,,,
did_2018_summary.csv,claim_reduction,broad_noncore,ai_core,-0.0005554937265862,0.0003040810816532,-1.82679476002297,0.070938455498541,-0.0011593384902415,4.835103706899194e-05,92682.0,,,,,,,,,,,,,,,,,,,,,,,,,,,
did_2018_summary.csv,claim_reduction,broad_noncore,ai_x_post,0.0011902473483018,0.0004063397371191,2.929192593223703,0.0042742721929711,0.0003833371610898,0.0019971575355138,92682.0,,,,,,,,,,,,,,,,,,,,,,,,,,,
did_2018_summary.csv,claim_reduction,broad_noncore,post2018,,,,,,,92682.0,,,,,,,,,,,,,,,,,,,,,,,,,,,
did_2018_summary.csv,claim_reduction,software,ai_core,-0.0005554937265862,0.0003040810816532,-1.82679476002297,0.070938455498541,-0.0011593384902415,4.835103706899194e-05,92682.0,,,,,,,,,,,,,,,,,,,,,,,,,,,
did_2018_summary.csv,claim_reduction,software,ai_x_post,0.0011902473483018,0.0004063397371191,2.929192593223703,0.0042742721929711,0.0003833371610898,0.0019971575355138,92682.0,,,,,,,,,,,,,,,,,,,,,,,,,,,
did_2018_summary.csv,claim_reduction,software,post2018,,,,,,,92682.0,,,,,,,,,,,,,,,,,,,,,,,,,,,
did_2018_summary.csv,grant,all,ai_core,0.2813302875517666,0.0361605896646881,7.780024887882114,3.086420008457935e-14,0.2103166229410312,0.3523439521625021,1415812.0,,,,,,,,,,,,,,,,,,,,,,,,,,,
did_2018_summary.csv,grant,all,ai_x_post,0.0166939038911745,0.0042771972839644,3.903000676111275,0.0001055373671499,0.0082941666022107,0.0250936411801382,1415812.0,,,,,,,,,,,,,,,,,,,,,,,,,,,
did_2018_summary.csv,grant,all,post2018,,,,,,,1415812.0,,,,,,,,,,,,,,,,,,,,,,,,,,,
did_2018_summary.csv,grant,broad_noncore,ai_core,0.2095744800718406,0.0660417025449398,3.1733657976069005,0.0020306222736659,0.0784651238210434,0.3406838363226377,140914.0,,,,,,,,,,,,,,,,,,,,,,,,,,,
did_2018_summary.csv,grant,broad_noncore,ai_x_post,0.0011291885233768,0.0036186976539774,0.3120427931125203,0.755691844861561,-0.0060548346255782,0.0083132116723319,140914.0,,,,,,,,,,,,,,,,,,,,,,,,,,,
did_2018_summary.csv,grant,broad_noncore,post2018,,,,,,,140914.0,,,,,,,,,,,,,,,,,,,,,,,,,,,
did_2018_summary.csv,grant,software,ai_core,0.2095744800718406,0.0660417025449398,3.1733657976069005,0.0020306222736659,0.0784651238210434,0.3406838363226377,140914.0,,,,,,,,,,,,,,,,,,,,,,,,,,,
did_2018_summary.csv,grant,software,ai_x_post,0.0011291885233768,0.0036186976539774,0.3120427931125203,0.755691844861561,-0.0060548346255782,0.0083132116723319,140914.0,,,,,,,,,,,,,,,,,,,,,,,,,,,
did_2018_summary.csv,grant,software,post2018,,,,,,,140914.0,,,,,,,,,,,,,,,,,,,,,,,,,,,
did_2018_summary.csv,has_reject_cite,all,ai_core,-0.2426626925661942,0.0668039170351846,-3.6324620371944274,0.0003042327896041,-0.3738549934387831,-0.1114703916936054,1415812.0,,,,,,,,,,,,,,,,,,,,,,,,,,,
did_2018_summary.csv,has_reject_cite,all,ai_x_post,0.0308768423442562,0.0038539268538011,8.011787331615245,5.773159728050814e-15,0.0233083410679232,0.0384453436205891,1415812.0,,,,,,,,,,,,,,,,,,,,,,,,,,,
did_2018_summary.csv,has_reject_cite,all,post2018,,,,,,,1415812.0,,,,,,,,,,,,,,,,,,,,,,,,,,,
did_2018_summary.csv,has_reject_cite,broad_noncore,ai_core,-0.2555313701943491,0.0694813961422307,-3.677694813029779,0.0003899815974084,-0.3934693816109321,-0.1175933587777661,140914.0,,,,,,,,,,,,,,,,,,,,,,,,,,,
did_2018_summary.csv,has_reject_cite,broad_noncore,ai_x_post,0.0211880615154834,0.0077715258598201,2.7263708437269325,0.0076258316501713,0.0057596320034779,0.036616491027489,140914.0,,,,,,,,,,,,,,,,,,,,,,,,,,,
did_2018_summary.csv,has_reject_cite,broad_noncore,post2018,,,,,,,140914.0,,,,,,,,,,,,,,,,,,,,,,,,,,,
did_2018_summary.csv,has_reject_cite,software,ai_core,-0.2555313701943491,0.0694813961422307,-3.677694813029779,0.0003899815974084,-0.3934693816109321,-0.1175933587777661,140914.0,,,,,,,,,,,,,,,,,,,,,,,,,,,
did_2018_summary.csv,has_reject_cite,software,ai_x_post,0.0211880615154834,0.0077715258598201,2.7263708437269325,0.0076258316501713,0.0057596320034779,0.036616491027489,140914.0,,,,,,,,,,,,,,,,,,,,,,,,,,,
did_2018_summary.csv,has_reject_cite,software,post2018,,,,,,,140914.0,,,,,,,,,,,,,,,,,,,,,,,,,,,
did_2018_summary.csv,log1p_applicant_count,all,ai_core,-0.0177913988600562,0.0052503476178531,-3.388613508095856,0.0007475176143048,-0.0281022491056232,-0.0074805486144891,1415812.0,,,,,,,,,,,,,,,,,,,,,,,,,,,
did_2018_summary.csv,log1p_applicant_count,all,ai_x_post,-0.0057357551335442,0.0007280313318993,-7.878445449017603,1.5099033134902132e-14,-0.0071654932354118,-0.0043060170316766,1415812.0,,,,,,,,,,,,,,,,,,,,,,,,,,,
did_2018_summary.csv,log1p_applicant_count,all,post2018,,,,,,,1415812.0,,,,,,,,,,,,,,,,,,,,,,,,,,,
did_2018_summary.csv,log1p_applicant_count,broad_noncore,ai_core,-0.0116882390508354,0.0050495917414691,-2.314689909452896,0.0227836971556671,-0.0217129461228988,-0.0016635319787719,140914.0,,,,,,,,,,,,,,,,,,,,,,,,,,,
did_2018_summary.csv,log1p_applicant_count,broad_noncore,ai_x_post,-0.0050194009666519,0.001073476529436,-4.675836712786842,9.668739419987917e-06,-0.0071505213239583,-0.0028882806093455,140914.0,,,,,,,,,,,,,,,,,,,,,,,,,,,
did_2018_summary.csv,log1p_applicant_count,broad_noncore,post2018,,,,,,,140914.0,,,,,,,,,,,,,,,,,,,,,,,,,,,
did_2018_summary.csv,log1p_applicant_count,software,ai_core,-0.0116882390508354,0.0050495917414691,-2.314689909452896,0.0227836971556671,-0.0217129461228988,-0.0016635319787719,140914.0,,,,,,,,,,,,,,,,,,,,,,,,,,,
did_2018_summary.csv,log1p_applicant_count,software,ai_x_post,-0.0050194009666519,0.001073476529436,-4.675836712786842,9.668739419987917e-06,-0.0071505213239583,-0.0028882806093455,140914.0,,,,,,,,,,,,,,,,,,,,,,,,,,,
did_2018_summary.csv,log1p_applicant_count,software,post2018,,,,,,,140914.0,,,,,,,,,,,,,,,,,,,,,,,,,,,
did_2018_summary.csv,log1p_backward_cites,all,ai_core,-0.3439205363692033,0.1054939864650566,-3.2600961238972803,0.0011754358913906,-0.5510939990462976,-0.136747073692109,1415812.0,,,,,,,,,,,,,,,,,,,,,,,,,,,
did_2018_summary.csv,log1p_backward_cites,all,ai_x_post,-0.0227451902911791,0.0111468454810108,-2.040504672817665,0.0417280362950429,-0.0446358274128741,-0.0008545531694842,1415812.0,,,,,,,,,,,,,,,,,,,,,,,,,,,
did_2018_summary.csv,log1p_backward_cites,all,post2018,,,,,,,1415812.0,,,,,,,,,,,,,,,,,,,,,,,,,,,
did_2018_summary.csv,log1p_backward_cites,broad_noncore,ai_core,-0.4192617689110292,0.1354501207829117,-3.0953222225839667,0.0025834066163701,-0.6881642571207457,-0.1503592807013127,140914.0,,,,,,,,,,,,,,,,,,,,,,,,,,,
did_2018_summary.csv,log1p_backward_cites,broad_noncore,ai_x_post,-0.0384665911133969,0.0180160297898567,-2.1351314114197364,0.0353228495822828,-0.0742329323329615,-0.0027002498938323,140914.0,,,,,,,,,,,,,,,,,,,,,,,,,,,
did_2018_summary.csv,log1p_backward_cites,broad_noncore,post2018,,,,,,,140914.0,,,,,,,,,,,,,,,,,,,,,,,,,,,
did_2018_summary.csv,log1p_backward_cites,software,ai_core,-0.4192617689110292,0.1354501207829117,-3.0953222225839667,0.0025834066163701,-0.6881642571207457,-0.1503592807013127,140914.0,,,,,,,,,,,,,,,,,,,,,,,,,,,
did_2018_summary.csv,log1p_backward_cites,software,ai_x_post,-0.0384665911133969,0.0180160297898567,-2.1351314114197364,0.0353228495822828,-0.0742329323329615,-0.0027002498938323,140914.0,,,,,,,,,,,,,,,,,,,,,,,,,,,
did_2018_summary.csv,log1p_backward_cites,software,post2018,,,,,,,140914.0,,,,,,,,,,,,,,,,,,,,,,,,,,,
did_2018_summary.csv,log1p_forward_cites,all,ai_core,0.3543662120156346,0.0795257332122557,4.455994276341023,9.928151128324458e-06,0.1981902812958762,0.510542142735393,1415812.0,,,,,,,,,,,,,,,,,,,,,,,,,,,
did_2018_summary.csv,log1p_forward_cites,all,ai_x_post,-0.2156398969271105,0.008650448415762,-24.9281755769089,0.0,-0.232628006032236,-0.198651787821985,1415812.0,,,,,,,,,,,,,,,,,,,,,,,,,,,
did_2018_summary.csv,log1p_forward_cites,all,post2018,,,,,,,1415812.0,,,,,,,,,,,,,,,,,,,,,,,,,,,
did_2018_summary.csv,log1p_forward_cites,broad_noncore,ai_core,0.3439202121313912,0.0869956200109857,3.953304914522836,0.0001482976091771,0.1712120702036776,0.5166283540591048,140914.0,,,,,,,,,,,,,,,,,,,,,,,,,,,
did_2018_summary.csv,log1p_forward_cites,broad_noncore,ai_x_post,-0.1943649015512016,0.0386559357517044,-5.028073897878199,2.331244295605828e-06,-0.2711066367938596,-0.1176231663085437,140914.0,,,,,,,,,,,,,,,,,,,,,,,,,,,
did_2018_summary.csv,log1p_forward_cites,broad_noncore,post2018,,,,,,,140914.0,,,,,,,,,,,,,,,,,,,,,,,,,,,
did_2018_summary.csv,log1p_forward_cites,software,ai_core,0.3439202121313912,0.0869956200109857,3.953304914522836,0.0001482976091771,0.1712120702036776,0.5166283540591048,140914.0,,,,,,,,,,,,,,,,,,,,,,,,,,,
did_2018_summary.csv,log1p_forward_cites,software,ai_x_post,-0.1943649015512016,0.0386559357517044,-5.028073897878199,2.331244295605828e-06,-0.2711066367938596,-0.1176231663085437,140914.0,,,,,,,,,,,,,,,,,,,,,,,,,,,
did_2018_summary.csv,log1p_forward_cites,software,post2018,,,,,,,140914.0,,,,,,,,,,,,,,,,,,,,,,,,,,,
did_2018_summary.csv,log1p_grant_delay_days,all,ai_core,-0.3238097952253521,0.0971837672661664,-3.331932938332216,0.0009148477983984,-0.5146670371470855,-0.1329525533036187,923929.0,,,,,,,,,,,,,,,,,,,,,,,,,,,
did_2018_summary.csv,log1p_grant_delay_days,all,ai_x_post,0.0485021158834936,0.007285857080772,6.657022687350619,6.258815687942841e-11,0.0341935679995283,0.062810663767459,923929.0,,,,,,,,,,,,,,,,,,,,,,,,,,,
did_2018_summary.csv,log1p_grant_delay_days,all,post2018,,,,,,,923929.0,,,,,,,,,,,,,,,,,,,,,,,,,,,
did_2018_summary.csv,log1p_grant_delay_days,broad_noncore,ai_core,-0.3111667495405662,0.0896961696116808,-3.4691197058658334,0.0007931026644636,-0.4892855658953128,-0.1330479331858196,92683.0,,,,,,,,,,,,,,,,,,,,,,,,,,,
did_2018_summary.csv,log1p_grant_delay_days,broad_noncore,ai_x_post,0.0499036740515006,0.0077016744146523,6.479587601958263,4.332051606326104e-09,0.0346096750253831,0.065197673077618,92683.0,,,,,,,,,,,,,,,,,,,,,,,,,,,
did_2018_summary.csv,log1p_grant_delay_days,broad_noncore,post2018,,,,,,,92683.0,,,,,,,,,,,,,,,,,,,,,,,,,,,
did_2018_summary.csv,log1p_grant_delay_days,software,ai_core,-0.3111667495405662,0.0896961696116808,-3.4691197058658334,0.0007931026644636,-0.4892855658953128,-0.1330479331858196,92683.0,,,,,,,,,,,,,,,,,,,,,,,,,,,
did_2018_summary.csv,log1p_grant_delay_days,software,ai_x_post,0.0499036740515006,0.0077016744146523,6.479587601958263,4.332051606326104e-09,0.0346096750253831,0.065197673077618,92683.0,,,,,,,,,,,,,,,,,,,,,,,,,,,
did_2018_summary.csv,log1p_grant_delay_days,software,post2018,,,,,,,92683.0,,,,,,,,,,,,,,,,,,,,,,,,,,,
did_2018_summary.csv,log1p_inventor_count,all,ai_core,0.1550622605847362,0.0631564545705709,2.4552084444745077,0.0143569303222823,0.0310329976643538,0.2790915235051187,1415812.0,,,,,,,,,,,,,,,,,,,,,,,,,,,
did_2018_summary.csv,log1p_inventor_count,all,ai_x_post,0.0329633607468618,0.0041848512442818,7.876829742013489,1.532107773982716e-14,0.0247449764377845,0.041181745055939,1415812.0,,,,,,,,,,,,,,,,,,,,,,,,,,,
did_2018_summary.csv,log1p_inventor_count,all,post2018,,,,,,,1415812.0,,,,,,,,,,,,,,,,,,,,,,,,,,,
did_2018_summary.csv,log1p_inventor_count,broad_noncore,ai_core,0.1835568296144087,0.0475786560683318,3.857965835579437,0.0002082313049622,0.0891012549091342,0.2780124043196831,140914.0,,,,,,,,,,,,,,,,,,,,,,,,,,,
did_2018_summary.csv,log1p_inventor_count,broad_noncore,ai_x_post,0.0381179939328586,0.0044522298785307,8.561551171620556,1.9495516312417751e-13,0.0292792000986519,0.0469567877670653,140914.0,,,,,,,,,,,,,,,,,,,,,,,,,,,
did_2018_summary.csv,log1p_inventor_count,broad_noncore,post2018,,,,,,,140914.0,,,,,,,,,,,,,,,,,,,,,,,,,,,
did_2018_summary.csv,log1p_inventor_count,software,ai_core,0.1835568296144087,0.0475786560683318,3.857965835579437,0.0002082313049622,0.0891012549091342,0.2780124043196831,140914.0,,,,,,,,,,,,,,,,,,,,,,,,,,,
did_2018_summary.csv,log1p_inventor_count,software,ai_x_post,0.0381179939328586,0.0044522298785307,8.561551171620556,1.9495516312417751e-13,0.0292792000986519,0.0469567877670653,140914.0,,,,,,,,,,,,,,,,,,,,,,,,,,,
did_2018_summary.csv,log1p_inventor_count,software,post2018,,,,,,,140914.0,,,,,,,,,,,,,,,,,,,,,,,,,,,
did_2018_summary.csv,log1p_reject_cites,all,ai_core,-0.4635615171796617,0.0972314740595284,-4.7676076256527145,2.331264553623313e-06,-0.6545087155660163,-0.2726143187933072,1415812.0,,,,,,,,,,,,,,,,,,,,,,,,,,,
did_2018_summary.csv,log1p_reject_cites,all,ai_x_post,0.0224986482661419,0.0090347882275589,2.4902241977862976,0.0130299883949907,0.0047557567101609,0.0402415398221229,1415812.0,,,,,,,,,,,,,,,,,,,,,,,,,,,
did_2018_summary.csv,log1p_reject_cites,all,post2018,,,,,,,1415812.0,,,,,,,,,,,,,,,,,,,,,,,,,,,
did_2018_summary.csv,log1p_reject_cites,broad_noncore,ai_core,-0.4799640718055012,0.0978345971947114,-4.9058726214231925,3.842443881296731e-06,-0.6741903040642194,-0.285737839546783,140914.0,,,,,,,,,,,,,,,,,,,,,,,,,,,
did_2018_summary.csv,log1p_reject_cites,broad_noncore,ai_x_post,0.0069260089142134,0.0174351320929127,0.3972444187577365,0.6920783273638906,-0.0276871045695568,0.0415391223979837,140914.0,,,,,,,,,,,,,,,,,,,,,,,,,,,
did_2018_summary.csv,log1p_reject_cites,broad_noncore,post2018,,,,,,,140914.0,,,,,,,,,,,,,,,,,,,,,,,,,,,
did_2018_summary.csv,log1p_reject_cites,software,ai_core,-0.4799640718055012,0.0978345971947114,-4.9058726214231925,3.842443881296731e-06,-0.6741903040642194,-0.285737839546783,140914.0,,,,,,,,,,,,,,,,,,,,,,,,,,,
did_2018_summary.csv,log1p_reject_cites,software,ai_x_post,0.0069260089142134,0.0174351320929127,0.3972444187577365,0.6920783273638906,-0.0276871045695568,0.0415391223979837,140914.0,,,,,,,,,,,,,,,,,,,,,,,,,,,
did_2018_summary.csv,log1p_reject_cites,software,post2018,,,,,,,140914.0,,,,,,,,,,,,,,,,,,,,,,,,,,,
EVENT_grant_ctrl_all_base2014.csv,grant,all,,-0.0899858971958064,0.0066049629654707,,0.0,,,,2010.0,-0.1029567484799265,-0.0770150459116863,0.0,,,,,,,,,,,,,,,,,,,,,,,
EVENT_grant_ctrl_all_base2014.csv,grant,all,,0.0187912977524853,0.0046768992251207,,6.59466071541992e-05,,,,2011.0,0.0096067853431057,0.0279758101618648,0.0,,,,,,,,,,,,,,,,,,,,,,,
EVENT_grant_ctrl_all_base2014.csv,grant,all,,0.0060269852898772,0.0041371218701071,,0.1456769127584716,,,,2012.0,-0.0020975103056276,0.0141514808853822,0.0,,,,,,,,,,,,,,,,,,,,,,,
EVENT_grant_ctrl_all_base2014.csv,grant,all,,-0.0541818953090381,0.0032412011009023,,0.0,,,,2013.0,-0.06054697830519,-0.0478168123128861,0.0,,,,,,,,,,,,,,,,,,,,,,,
EVENT_grant_ctrl_all_base2014.csv,grant,all,,0.0,0.0,,,,,,2014.0,0.0,0.0,1.0,,,,,,,,,,,,,,,,,,,,,,,
EVENT_grant_ctrl_all_base2014.csv,grant,all,,-0.0436644917447245,0.0052610507654528,,6.661338147750939e-16,,,,2015.0,-0.0539961631611488,-0.0333328203283002,0.0,,,,,,,,,,,,,,,,,,,,,,,
EVENT_grant_ctrl_all_base2014.csv,grant,all,,0.0163956891432999,0.0054567671736112,,0.0027663441726841,,,,2016.0,0.0056796691033699,0.0271117091832299,0.0,,,,,,,,,,,,,,,,,,,,,,,
EVENT_grant_ctrl_all_base2014.csv,grant,all,,0.0450256946241743,0.0102616588752255,,1.34623608591955e-05,,,,2017.0,0.0248738100648284,0.0651775791835202,0.0,,,,,,,,,,,,,,,,,,,,,,,
EVENT_grant_ctrl_all_base2014.csv,grant,all,,0.0324768903343021,0.0083475585915281,,0.0001108379803334,,,,2018.0,0.0160839231606438,0.0488698575079603,0.0,,,,,,,,,,,,,,,,,,,,,,,
EVENT_grant_ctrl_software_base2014.csv,grant,software,,-0.0810041205839407,0.0060673648728068,,0.0,,,,2010.0,-0.0930224026784027,-0.0689858384894787,0.0,,,,,,,,,,,,,,,,,,,,,,,
EVENT_grant_ctrl_software_base2014.csv,grant,software,,0.0249156272954399,0.012407613053671,,0.046977316402089,,,,2011.0,0.0003385337920845,0.0494927207987953,0.0,,,,,,,,,,,,,,,,,,,,,,,
EVENT_grant_ctrl_software_base2014.csv,grant,software,,0.0025516981951883,0.0027494322285824,,0.3553089390451298,,,,2012.0,-0.0028943978968409,0.0079977942872175,0.0,,,,,,,,,,,,,,,,,,,,,,,
EVENT_grant_ctrl_software_base2014.csv,grant,software,,-0.054372896985406,0.0047591780247212,,0.0,,,,2013.0,-0.0637999127060551,-0.0449458812647569,0.0,,,,,,,,,,,,,,,,,,,,,,,
EVENT_grant_ctrl_software_base2014.csv,grant,software,,0.0,0.0,,,,,,2014.0,0.0,0.0,1.0,,,,,,,,,,,,,,,,,,,,,,,
EVENT_grant_ctrl_software_base2014.csv,grant,software,,-0.0436445194510046,0.0106107984196283,,7.358503538190675e-05,,,,2015.0,-0.0646624689773483,-0.0226265699246609,0.0,,,,,,,,,,,,,,,,,,,,,,,
EVENT_grant_ctrl_software_base2014.csv,grant,software,,0.0010325030320419,0.0053751367772913,,0.8480115068246556,,,,2016.0,-0.0096146084306845,0.0116796144947683,0.0,,,,,,,,,,,,,,,,,,,,,,,
EVENT_grant_ctrl_software_base2014.csv,grant,software,,0.0191973881659987,0.0118368325393116,,0.1075772444178511,,,,2017.0,-0.0042490989902192,0.0426438753222168,0.0,,,,,,,,,,,,,,,,,,,,,,,
EVENT_grant_ctrl_software_base2014.csv,grant,software,,0.0020621683187314,0.0082790009030977,,0.8037399734972277,,,,2018.0,-0.0143369391026267,0.0184612757400895,0.0,,,,,,,,,,,,,,,,,,,,,,,
EVENT_has_reject_cite_ctrl_all_base2014.csv,has_reject_cite,all,,0.0524330740339769,0.0148606772161674,,0.0004492110720979,,,,2010.0,0.0232496198405313,0.0816165282274224,0.0,,,,,,,,,,,,,,,,,,,,,,,
EVENT_has_reject_cite_ctrl_all_base2014.csv,has_reject_cite,all,,-0.0017514939729227,0.0201051335930642,,0.9306068817643594,,,,2011.0,-0.0412340314597044,0.0377310435138588,0.0,,,,,,,,,,,,,,,,,,,,,,,
EVENT_has_reject_cite_ctrl_all_base2014.csv,has_reject_cite,all,,0.0387898578884134,0.023411043661693,,0.0980455648282137,,,,2012.0,-0.0071848383103896,0.0847645540872165,0.0,,,,,,,,,,,,,,,,,,,,,,,
EVENT_has_reject_cite_ctrl_all_base2014.csv,has_reject_cite,all,,0.0406165171281492,0.0050174994557564,,3.1086244689504387e-15,,,,2013.0,0.0307631326960182,0.0504699015602801,0.0,,,,,,,,,,,,,,,,,,,,,,,
EVENT_has_reject_cite_ctrl_all_base2014.csv,has_reject_cite,all,,0.0,0.0,,,,,,2014.0,0.0,0.0,1.0,,,,,,,,,,,,,,,,,,,,,,,
EVENT_has_reject_cite_ctrl_all_base2014.csv,has_reject_cite,all,,0.0531758257651127,0.0202730623904169,,0.008931126691644,,,,2015.0,0.0133635090701552,0.0929881424600702,0.0,,,,,,,,,,,,,,,,,,,,,,,
EVENT_has_reject_cite_ctrl_all_base2014.csv,has_reject_cite,all,,0.0665373384686918,0.0128037810362712,,2.758415167392059e-07,,,,2016.0,0.041393224782647,0.0916814521547366,0.0,,,,,,,,,,,,,,,,,,,,,,,
EVENT_has_reject_cite_ctrl_all_base2014.csv,has_reject_cite,all,,0.1490366690385993,0.0150748091945725,,0.0,,,,2017.0,0.119432701655059,0.1786406364221396,0.0,,,,,,,,,,,,,,,,,,,,,,,
EVENT_has_reject_cite_ctrl_all_base2014.csv,has_reject_cite,all,,0.1219401110928164,0.0152219958450644,,5.551115123125783e-15,,,,2018.0,0.0920470980076547,0.1518331241779782,0.0,,,,,,,,,,,,,,,,,,,,,,,
EVENT_log1p_applicant_count_ctrl_all_base2014.csv,log1p_applicant_count,all,,-0.0068621847775961,0.0012072022575757,,2.0237485243157494e-08,,,,2010.0,-0.0092328931426131,-0.0044914764125791,0.0,,,,,,,,,,,,,,,,,,,,,,,
EVENT_log1p_applicant_count_ctrl_all_base2014.csv,log1p_applicant_count,all,,0.0025202716942217,0.0008975468494822,,0.0051428709887566,,,,2011.0,0.0007576657922618,0.0042828775961816,0.0,,,,,,,,,,,,,,,,,,,,,,,
EVENT_log1p_applicant_count_ctrl_all_base2014.csv,log1p_applicant_count,all,,-0.0006738836866894,0.0012545022783374,,0.5913417406142167,,,,2012.0,-0.0031374800116,0.0017897126382212,0.0,,,,,,,,,,,,,,,,,,,,,,,
EVENT_log1p_applicant_count_ctrl_all_base2014.csv,log1p_applicant_count,all,,0.0039249707253873,0.0005713276906056,,1.5686563159533762e-11,,,,2013.0,0.0028029952429983,0.0050469462077763,0.0,,,,,,,,,,,,,,,,,,,,,,,
EVENT_log1p_applicant_count_ctrl_all_base2014.csv,log1p_applicant_count,all,,0.0,0.0,,,,,,2014.0,0.0,0.0,1.0,,,,,,,,,,,,,,,,,,,,,,,
EVENT_log1p_applicant_count_ctrl_all_base2014.csv,log1p_applicant_count,all,,-0.0099087811905903,0.0008929722164417,,0.0,,,,2015.0,-0.0116624034108614,-0.0081551589703192,0.0,,,,,,,,,,,,,,,,,,,,,,,
EVENT_log1p_applicant_count_ctrl_all_base2014.csv,log1p_applicant_count,all,,-0.0017660785340915,0.0007401135705217,,0.0173217859691652,,,,2016.0,-0.0032195163666399,-0.0003126407015431,0.0,,,,,,,,,,,,,,,,,,,,,,,
EVENT_log1p_applicant_count_ctrl_all_base2014.csv,log1p_applicant_count,all,,0.008005075299967,0.0008555664402454,,0.0,,,,2017.0,0.0063249106846432,0.0096852399152908,0.0,,,,,,,,,,,,,,,,,,,,,,,
EVENT_log1p_applicant_count_ctrl_all_base2014.csv,log1p_applicant_count,all,,-0.00448512485772,0.0009641513209967,,4.0242300618498206e-06,,,,2018.0,-0.0063785288730664,-0.0025917208423735,0.0,,,,,,,,,,,,,,,,,,,,,,,
EVENT_log1p_backward_cites_ctrl_all_base2014.csv,log1p_backward_cites,all,,0.0014510280305123,0.0345104172556986,,0.9664755163645236,,,,2010.0,-0.0663206600647436,0.0692227161257682,0.0,,,,,,,,,,,,,,,,,,,,,,,
EVENT_log1p_backward_cites_ctrl_all_base2014.csv,log1p_backward_cites,all,,-0.0380851630866633,0.0399622975389584,,0.340948200851825,,,,2011.0,-0.1165632743280707,0.040392948154744,0.0,,,,,,,,,,,,,,,,,,,,,,,
EVENT_log1p_backward_cites_ctrl_all_base2014.csv,log1p_backward_cites,all,,0.0006597705951361,0.0144438568587966,,0.9635814046798472,,,,2012.0,-0.0277051302020353,0.0290246713923076,0.0,,,,,,,,,,,,,,,,,,,,,,,
EVENT_log1p_backward_cites_ctrl_all_base2014.csv,log1p_backward_cites,all,,-0.1257117047681009,0.0084389807253119,,0.0,,,,2013.0,-0.1422842070742931,-0.1091392024619088,0.0,,,,,,,,,,,,,,,,,,,,,,,
EVENT_log1p_backward_cites_ctrl_all_base2014.csv,log1p_backward_cites,all,,0.0,0.0,,,,,,2014.0,0.0,0.0,1.0,,,,,,,,,,,,,,,,,,,,,,,
EVENT_log1p_backward_cites_ctrl_all_base2014.csv,log1p_backward_cites,all,,0.061568877241653,0.0239246656219309,,0.0103006842952413,,,,2015.0,0.0145855282922846,0.1085522261910214,0.0,,,,,,,,,,,,,,,,,,,,,,,
EVENT_log1p_backward_cites_ctrl_all_base2014.csv,log1p_backward_cites,all,,0.0740225526093633,0.0117397859720753,,5.472682307328114e-10,,,,2016.0,0.0509679164596608,0.0970771887590659,0.0,,,,,,,,,,,,,,,,,,,,,,,
EVENT_log1p_backward_cites_ctrl_all_base2014.csv,log1p_backward_cites,all,,0.210955036357473,0.0209071829288494,,0.0,,,,2017.0,0.169897431347772,0.252012641367174,0.0,,,,,,,,,,,,,,,,,,,,,,,
EVENT_log1p_backward_cites_ctrl_all_base2014.csv,log1p_backward_cites,all,,0.1011851103821214,0.0146892550692007,,1.3907319740269486e-11,,,,2018.0,0.0723382956500526,0.1300319251141902,0.0,,,,,,,,,,,,,,,,,,,,,,,
EVENT_log1p_forward_cites_ctrl_all_base2014.csv,log1p_forward_cites,all,,-0.4815999825919215,0.0250494738334227,,0.0,,,,2010.0,-0.5307922341665869,-0.432407731017256,0.0,,,,,,,,,,,,,,,,,,,,,,,
EVENT_log1p_forward_cites_ctrl_all_base2014.csv,log1p_forward_cites,all,,-0.4479783160397613,0.0103452221957532,,0.0,,,,2011.0,-0.4682943025644079,-0.4276623295151146,0.0,,,,,,,,,,,,,,,,,,,,,,,
EVENT_log1p_forward_cites_ctrl_all_base2014.csv,log1p_forward_cites,all,,-0.4272474560219396,0.0431690726769202,,0.0,,,,2012.0,-0.5120230444231075,-0.3424718676207717,0.0,,,,,,,,,,,,,,,,,,,,,,,
EVENT_log1p_forward_cites_ctrl_all_base2014.csv,log1p_forward_cites,all,,-0.1642922031264694,0.0307156586813417,,1.2476186683763046e-07,,,,2013.0,-0.2246117299629202,-0.1039726762900185,0.0,,,,,,,,,,,,,,,,,,,,,,,
EVENT_log1p_forward_cites_ctrl_all_base2014.csv,log1p_forward_cites,all,,0.0,0.0,,,,,,2014.0,0.0,0.0,1.0,,,,,,,,,,,,,,,,,,,,,,,
EVENT_log1p_forward_cites_ctrl_all_base2014.csv,log1p_forward_cites,all,,-0.0916912339868378,0.0204773348981825,,8.984662595246107e-06,,,,2015.0,-0.131904701806111,-0.0514777661675647,0.0,,,,,,,,,,,,,,,,,,,,,,,
EVENT_log1p_forward_cites_ctrl_all_base2014.csv,log1p_forward_cites,all,,-0.0148153379566278,0.0239615233049084,,0.5366070110396244,,,,2016.0,-0.0618710681634049,0.0322403922501492,0.0,,,,,,,,,,,,,,,,,,,,,,,
EVENT_log1p_forward_cites_ctrl_all_base2014.csv,log1p_forward_cites,all,,-0.1677203650262214,0.0166614383697396,,0.0,,,,2017.0,-0.2004401607924075,-0.1350005692600352,0.0,,,,,,,,,,,,,,,,,,,,,,,
EVENT_log1p_forward_cites_ctrl_all_base2014.csv,log1p_forward_cites,all,,-0.3058955673896451,0.0209760067495994,,0.0,,,,2018.0,-0.3470883288791658,-0.2647028059001243,0.0,,,,,,,,,,,,,,,,,,,,,,,
EVENT_log1p_grant_delay_days_ctrl_all_base2014.csv,log1p_grant_delay_days,all,,0.1211713510102767,0.0270225299026118,,8.739986812056344e-06,,,,2010.0,0.0681035578554089,0.1742391441651445,0.0,,,,,,,,,,,,,,,,,,,,,,,
EVENT_log1p_grant_delay_days_ctrl_all_base2014.csv,log1p_grant_delay_days,all,,0.1538237515326828,0.0086594912096779,,0.0,,,,2011.0,0.1368179386055532,0.1708295644598124,0.0,,,,,,,,,,,,,,,,,,,,,,,
EVENT_log1p_grant_delay_days_ctrl_all_base2014.csv,log1p_grant_delay_days,all,,0.0408291772235818,0.0219605973436842,,0.0634767364789012,,,,2012.0,-0.0022978150155621,0.0839561694627257,0.0,,,,,,,,,,,,,,,,,,,,,,,
EVENT_log1p_grant_delay_days_ctrl_all_base2014.csv,log1p_grant_delay_days,all,,0.152931280399741,0.0133398342752298,,0.0,,,,2013.0,0.1267340454040018,0.1791285153954802,0.0,,,,,,,,,,,,,,,,,,,,,,,
EVENT_log1p_grant_delay_days_ctrl_all_base2014.csv,log1p_grant_delay_days,all,,0.0,0.0,,,,,,2014.0,0.0,0.0,1.0,,,,,,,,,,,,,,,,,,,,,,,
EVENT_log1p_grant_delay_days_ctrl_all_base2014.csv,log1p_grant_delay_days,all,,-0.0052551028328896,0.011604030817974,,0.6508032399173613,,,,2015.0,-0.0280435060442202,0.0175333003784409,0.0,,,,,,,,,,,,,,,,,,,,,,,
EVENT_log1p_grant_delay_days_ctrl_all_base2014.csv,log1p_grant_delay_days,all,,0.0935750601825045,0.0073405123440049,,0.0,,,,2016.0,0.0791595042694826,0.1079906160955263,0.0,,,,,,,,,,,,,,,,,,,,,,,
EVENT_log1p_grant_delay_days_ctrl_all_base2014.csv,log1p_grant_delay_days,all,,0.1664533357517185,0.011182285812227,,0.0,,,,2017.0,0.1444931701928112,0.1884135013106258,0.0,,,,,,,,,,,,,,,,,,,,,,,
EVENT_log1p_grant_delay_days_ctrl_all_base2014.csv,log1p_grant_delay_days,all,,0.1483228202768716,0.0099485807948911,,0.0,,,,2018.0,0.128785447954203,0.1678601925995402,0.0,,,,,,,,,,,,,,,,,,,,,,,
EVENT_log1p_inventor_count_ctrl_all_base2014.csv,log1p_inventor_count,all,,0.0381862282767874,0.0065824173347358,,1.0507053227470921e-08,,,,2010.0,0.0252596521876831,0.0511128043658917,0.0,,,,,,,,,,,,,,,,,,,,,,,
EVENT_log1p_inventor_count_ctrl_all_base2014.csv,log1p_inventor_count,all,,0.0431207306895911,0.0046083515227904,,0.0,,,,2011.0,0.0340708325176332,0.0521706288615491,0.0,,,,,,,,,,,,,,,,,,,,,,,
EVENT_log1p_inventor_count_ctrl_all_base2014.csv,log1p_inventor_count,all,,0.1079855804528575,0.0128155014617245,,2.220446049250313e-16,,,,2012.0,0.0828184501509231,0.1331527107547919,0.0,,,,,,,,,,,,,,,,,,,,,,,
EVENT_log1p_inventor_count_ctrl_all_base2014.csv,log1p_inventor_count,all,,0.0249987265574494,0.0029418052802981,,2.220446049250313e-16,,,,2013.0,0.0192215982075909,0.0307758549073078,0.0,,,,,,,,,,,,,,,,,,,,,,,
EVENT_log1p_inventor_count_ctrl_all_base2014.csv,log1p_inventor_count,all,,0.0,0.0,,,,,,2014.0,0.0,0.0,1.0,,,,,,,,,,,,,,,,,,,,,,,
EVENT_log1p_inventor_count_ctrl_all_base2014.csv,log1p_inventor_count,all,,0.1073543245441294,0.0075315017849253,,0.0,,,,2015.0,0.0925639328176272,0.1221447162706316,0.0,,,,,,,,,,,,,,,,,,,,,,,
EVENT_log1p_inventor_count_ctrl_all_base2014.csv,log1p_inventor_count,all,,0.0979407258667109,0.0068149276517522,,0.0,,,,2016.0,0.0845575451365498,0.111323906596872,0.0,,,,,,,,,,,,,,,,,,,,,,,
EVENT_log1p_inventor_count_ctrl_all_base2014.csv,log1p_inventor_count,all,,0.0639538552940464,0.0064210616592909,,0.0,,,,2017.0,0.0513441500914235,0.0765635604966694,0.0,,,,,,,,,,,,,,,,,,,,,,,
EVENT_log1p_inventor_count_ctrl_all_base2014.csv,log1p_inventor_count,all,,0.1048543798473713,0.0076365895111559,,0.0,,,,2018.0,0.0898576164461377,0.119851143248605,0.0,,,,,,,,,,,,,,,,,,,,,,,
EVENT_log1p_reject_cites_ctrl_all_base2014.csv,log1p_reject_cites,all,,0.1132396320422151,0.0325014831260434,,0.0005285839852398,,,,2010.0,0.0494130963984679,0.1770661676859624,0.0,,,,,,,,,,,,,,,,,,,,,,,
EVENT_log1p_reject_cites_ctrl_all_base2014.csv,log1p_reject_cites,all,,0.0309319454943098,0.0242054285811148,,0.2017662015099068,,,,2011.0,-0.0166027668175335,0.0784666578061531,0.0,,,,,,,,,,,,,,,,,,,,,,,
EVENT_log1p_reject_cites_ctrl_all_base2014.csv,log1p_reject_cites,all,,0.0066279190153312,0.0248813869637288,,0.7900348057242175,,,,2012.0,-0.042234242928096,0.0554900809587584,0.0,,,,,,,,,,,,,,,,,,,,,,,
EVENT_log1p_reject_cites_ctrl_all_base2014.csv,log1p_reject_cites,all,,0.0313545748477402,0.0070084416866899,,9.143445921289128e-06,,,,2013.0,0.0175913705229444,0.045117779172536,0.0,,,,,,,,,,,,,,,,,,,,,,,
EVENT_log1p_reject_cites_ctrl_all_base2014.csv,log1p_reject_cites,all,,0.0,0.0,,,,,,2014.0,0.0,0.0,1.0,,,,,,,,,,,,,,,,,,,,,,,
EVENT_log1p_reject_cites_ctrl_all_base2014.csv,log1p_reject_cites,all,,0.0618061398294311,0.0227537968392703,,0.0067860510834751,,,,2015.0,0.017122147429449,0.1064901322294133,0.0,,,,,,,,,,,,,,,,,,,,,,,
EVENT_log1p_reject_cites_ctrl_all_base2014.csv,log1p_reject_cites,all,,0.091832681807634,0.0118849645513787,,4.463096558993129e-14,,,,2016.0,0.0684929434141143,0.1151724202011537,0.0,,,,,,,,,,,,,,,,,,,,,,,
EVENT_log1p_reject_cites_ctrl_all_base2014.csv,log1p_reject_cites,all,,0.1883914158293184,0.0166195127301665,,0.0,,,,2017.0,0.1557539537928954,0.2210288778657414,0.0,,,,,,,,,,,,,,,,,,,,,,,
EVENT_log1p_reject_cites_ctrl_all_base2014.csv,log1p_reject_cites,all,,0.1407954145574169,0.0138156136733949,,0.0,,,,2018.0,0.1136642601068497,0.167926569007984,0.0,,,,,,,,,,,,,,,,,,,,,,,
applicant_fe_summary.csv,grant,,,0.2970879518970181,0.0318227515307407,,0.0,,,2549296.0,,,,,baseline_no_applicant_FE,,,,,,,,,,,,,,,,,,,,,,
applicant_fe_summary.csv,grant,,,0.2212776175388956,0.0259017265850482,,2.220446049250313e-16,,,2549296.0,,,,,with_applicant_FE,,,,,,,,,,,,,,,,,,,,,,
applicant_fe_summary.csv,log1p_grant_delay_days,,,-0.2040090918691038,0.0978319358258002,,0.0374577436911243,,,1612067.0,,,,,baseline_no_applicant_FE,,,,,,,,,,,,,,,,,,,,,,
applicant_fe_summary.csv,log1p_grant_delay_days,,,-0.0755197600022309,0.0663235298623223,,0.2552946395812885,,,1612067.0,,,,,with_applicant_FE,,,,,,,,,,,,,,,,,,,,,,
applicant_fe_summary.csv,log1p_backward_cites,,,-0.3849043593192091,0.1078835784757482,,0.0003880530808595,,,2549296.0,,,,,baseline_no_applicant_FE,,,,,,,,,,,,,,,,,,,,,,
applicant_fe_summary.csv,log1p_backward_cites,,,-0.4104369866370375,0.1292620515726728,,0.0015720190804837,,,2549296.0,,,,,with_applicant_FE,,,,,,,,,,,,,,,,,,,,,,
applicant_fe_summary.csv,log1p_reject_cites,,,-0.4425820015266659,0.1161234720842093,,0.0001521422949233,,,2549296.0,,,,,baseline_no_applicant_FE,,,,,,,,,,,,,,,,,,,,,,
applicant_fe_summary.csv,log1p_reject_cites,,,-0.4358488036194108,0.1342413662264212,,0.0012307440023107,,,2549296.0,,,,,with_applicant_FE,,,,,,,,,,,,,,,,,,,,,,
applicant_fe_summary.csv,log1p_forward_cites,,,0.2024972216786433,0.0791658017614409,,0.0107695898302047,,,2549296.0,,,,,baseline_no_applicant_FE,,,,,,,,,,,,,,,,,,,,,,
applicant_fe_summary.csv,log1p_forward_cites,,,0.1570960274102776,0.0443767888428238,,0.0004302750709654,,,2549296.0,,,,,with_applicant_FE,,,,,,,,,,,,,,,,,,,,,,
applicant_fe_summary.csv,log1p_inventor_count,,,0.1530120087505176,0.0579991019030708,,0.0085462246018488,,,2549296.0,,,,,baseline_no_applicant_FE,,,,,,,,,,,,,,,,,,,,,,
applicant_fe_summary.csv,log1p_inventor_count,,,0.0784708597347752,0.0522693768438167,,0.1337969257939724,,,2549296.0,,,,,with_applicant_FE,,,,,,,,,,,,,,,,,,,,,,
applicant_fe_summary.csv,log1p_applicant_count,,,-0.0188381804277844,0.0051539391819124,,0.0002790516317141,,,2549296.0,,,,,baseline_no_applicant_FE,,,,,,,,,,,,,,,,,,,,,,
applicant_fe_summary.csv,log1p_applicant_count,,,-0.0178356728563574,0.0028325191150418,,5.78587844302092e-10,,,2549296.0,,,,,with_applicant_FE,,,,,,,,,,,,,,,,,,,,,,
applicant_fe_summary.csv,has_reject_cite,,,-0.2242770943877383,0.0654044588675324,,0.0006461323024109,,,2549296.0,,,,,baseline_no_applicant_FE,,,,,,,,,,,,,,,,,,,,,,
applicant_fe_summary.csv,has_reject_cite,,,-0.2392188134447994,0.0747150726629281,,0.0014364220816771,,,2549296.0,,,,,with_applicant_FE,,,,,,,,,,,,,,,,,,,,,,
concentration_summary.csv,hhi,,,-0.0072277850598006,0.0438029587760636,,0.8689398766159284,,,328829.0,,,,,,,,,,,,,,,,,,,,,,,,,,,
concentration_summary.csv,top5_share,,,-0.065657448019861,0.0272059543135677,,0.0158132795447814,,,328829.0,,,,,,,,,,,,,,,,,,,,,,,,,,,
event_studies_master.csv,grant,all,,-0.0899858971958064,0.0066049629654707,,0.0,,,,2010.0,-0.1029567484799265,-0.0770150459116863,0.0,,,,,,,,,,,,,,,,,,,,,,,
event_studies_master.csv,grant,all,,0.0187912977524853,0.0046768992251207,,6.59466071541992e-05,,,,2011.0,0.0096067853431057,0.0279758101618648,0.0,,,,,,,,,,,,,,,,,,,,,,,
event_studies_master.csv,grant,all,,0.0060269852898772,0.0041371218701071,,0.1456769127584716,,,,2012.0,-0.0020975103056276,0.0141514808853822,0.0,,,,,,,,,,,,,,,,,,,,,,,
event_studies_master.csv,grant,all,,-0.0541818953090381,0.0032412011009023,,0.0,,,,2013.0,-0.06054697830519,-0.0478168123128861,0.0,,,,,,,,,,,,,,,,,,,,,,,
event_studies_master.csv,grant,all,,0.0,0.0,,,,,,2014.0,0.0,0.0,1.0,,,,,,,,,,,,,,,,,,,,,,,
event_studies_master.csv,grant,all,,-0.0436644917447245,0.0052610507654528,,6.661338147750939e-16,,,,2015.0,-0.0539961631611488,-0.0333328203283002,0.0,,,,,,,,,,,,,,,,,,,,,,,
event_studies_master.csv,grant,all,,0.0163956891432999,0.0054567671736112,,0.0027663441726841,,,,2016.0,0.0056796691033699,0.0271117091832299,0.0,,,,,,,,,,,,,,,,,,,,,,,
event_studies_master.csv,grant,all,,0.0450256946241743,0.0102616588752255,,1.34623608591955e-05,,,,2017.0,0.0248738100648284,0.0651775791835202,0.0,,,,,,,,,,,,,,,,,,,,,,,
event_studies_master.csv,grant,all,,0.0324768903343021,0.0083475585915281,,0.0001108379803334,,,,2018.0,0.0160839231606438,0.0488698575079603,0.0,,,,,,,,,,,,,,,,,,,,,,,
event_studies_master.csv,grant,software,,-0.0810041205839407,0.0060673648728068,,0.0,,,,2010.0,-0.0930224026784027,-0.0689858384894787,0.0,,,,,,,,,,,,,,,,,,,,,,,
event_studies_master.csv,grant,software,,0.0249156272954399,0.012407613053671,,0.046977316402089,,,,2011.0,0.0003385337920845,0.0494927207987953,0.0,,,,,,,,,,,,,,,,,,,,,,,
event_studies_master.csv,grant,software,,0.0025516981951883,0.0027494322285824,,0.3553089390451298,,,,2012.0,-0.0028943978968409,0.0079977942872175,0.0,,,,,,,,,,,,,,,,,,,,,,,
event_studies_master.csv,grant,software,,-0.054372896985406,0.0047591780247212,,0.0,,,,2013.0,-0.0637999127060551,-0.0449458812647569,0.0,,,,,,,,,,,,,,,,,,,,,,,
event_studies_master.csv,grant,software,,0.0,0.0,,,,,,2014.0,0.0,0.0,1.0,,,,,,,,,,,,,,,,,,,,,,,
event_studies_master.csv,grant,software,,-0.0436445194510046,0.0106107984196283,,7.358503538190675e-05,,,,2015.0,-0.0646624689773483,-0.0226265699246609,0.0,,,,,,,,,,,,,,,,,,,,,,,
event_studies_master.csv,grant,software,,0.0010325030320419,0.0053751367772913,,0.8480115068246556,,,,2016.0,-0.0096146084306845,0.0116796144947683,0.0,,,,,,,,,,,,,,,,,,,,,,,
event_studies_master.csv,grant,software,,0.0191973881659987,0.0118368325393116,,0.1075772444178511,,,,2017.0,-0.0042490989902192,0.0426438753222168,0.0,,,,,,,,,,,,,,,,,,,,,,,
event_studies_master.csv,grant,software,,0.0020621683187314,0.0082790009030977,,0.8037399734972277,,,,2018.0,-0.0143369391026267,0.0184612757400895,0.0,,,,,,,,,,,,,,,,,,,,,,,
event_studies_master.csv,has_reject_cite,all,,0.0524330740339769,0.0148606772161674,,0.0004492110720979,,,,2010.0,0.0232496198405313,0.0816165282274224,0.0,,,,,,,,,,,,,,,,,,,,,,,
event_studies_master.csv,has_reject_cite,all,,-0.0017514939729227,0.0201051335930642,,0.9306068817643594,,,,2011.0,-0.0412340314597044,0.0377310435138588,0.0,,,,,,,,,,,,,,,,,,,,,,,
event_studies_master.csv,has_reject_cite,all,,0.0387898578884134,0.023411043661693,,0.0980455648282137,,,,2012.0,-0.0071848383103896,0.0847645540872165,0.0,,,,,,,,,,,,,,,,,,,,,,,
event_studies_master.csv,has_reject_cite,all,,0.0406165171281492,0.0050174994557564,,3.108624468950439e-15,,,,2013.0,0.0307631326960182,0.0504699015602801,0.0,,,,,,,,,,,,,,,,,,,,,,,
event_studies_master.csv,has_reject_cite,all,,0.0,0.0,,,,,,2014.0,0.0,0.0,1.0,,,,,,,,,,,,,,,,,,,,,,,
event_studies_master.csv,has_reject_cite,all,,0.0531758257651127,0.0202730623904169,,0.008931126691644,,,,2015.0,0.0133635090701552,0.0929881424600702,0.0,,,,,,,,,,,,,,,,,,,,,,,
event_studies_master.csv,has_reject_cite,all,,0.0665373384686918,0.0128037810362712,,2.758415167392059e-07,,,,2016.0,0.041393224782647,0.0916814521547366,0.0,,,,,,,,,,,,,,,,,,,,,,,
event_studies_master.csv,has_reject_cite,all,,0.1490366690385993,0.0150748091945725,,0.0,,,,2017.0,0.119432701655059,0.1786406364221396,0.0,,,,,,,,,,,,,,,,,,,,,,,
event_studies_master.csv,has_reject_cite,all,,0.1219401110928164,0.0152219958450644,,5.551115123125783e-15,,,,2018.0,0.0920470980076547,0.1518331241779782,0.0,,,,,,,,,,,,,,,,,,,,,,,
event_studies_master.csv,log1p_applicant_count,all,,-0.0068621847775961,0.0012072022575757,,2.0237485243157494e-08,,,,2010.0,-0.0092328931426131,-0.0044914764125791,0.0,,,,,,,,,,,,,,,,,,,,,,,
event_studies_master.csv,log1p_applicant_count,all,,0.0025202716942217,0.0008975468494822,,0.0051428709887566,,,,2011.0,0.0007576657922618,0.0042828775961816,0.0,,,,,,,,,,,,,,,,,,,,,,,
event_studies_master.csv,log1p_applicant_count,all,,-0.0006738836866894,0.0012545022783374,,0.5913417406142167,,,,2012.0,-0.0031374800116,0.0017897126382212,0.0,,,,,,,,,,,,,,,,,,,,,,,
event_studies_master.csv,log1p_applicant_count,all,,0.0039249707253873,0.0005713276906056,,1.5686563159533762e-11,,,,2013.0,0.0028029952429983,0.0050469462077763,0.0,,,,,,,,,,,,,,,,,,,,,,,
event_studies_master.csv,log1p_applicant_count,all,,0.0,0.0,,,,,,2014.0,0.0,0.0,1.0,,,,,,,,,,,,,,,,,,,,,,,
event_studies_master.csv,log1p_applicant_count,all,,-0.0099087811905903,0.0008929722164417,,0.0,,,,2015.0,-0.0116624034108614,-0.0081551589703192,0.0,,,,,,,,,,,,,,,,,,,,,,,
event_studies_master.csv,log1p_applicant_count,all,,-0.0017660785340915,0.0007401135705217,,0.0173217859691652,,,,2016.0,-0.0032195163666399,-0.0003126407015431,0.0,,,,,,,,,,,,,,,,,,,,,,,
event_studies_master.csv,log1p_applicant_count,all,,0.008005075299967,0.0008555664402454,,0.0,,,,2017.0,0.0063249106846432,0.0096852399152908,0.0,,,,,,,,,,,,,,,,,,,,,,,
event_studies_master.csv,log1p_applicant_count,all,,-0.00448512485772,0.0009641513209967,,4.0242300618498206e-06,,,,2018.0,-0.0063785288730664,-0.0025917208423735,0.0,,,,,,,,,,,,,,,,,,,,,,,
event_studies_master.csv,log1p_backward_cites,all,,0.0014510280305123,0.0345104172556986,,0.9664755163645236,,,,2010.0,-0.0663206600647436,0.0692227161257682,0.0,,,,,,,,,,,,,,,,,,,,,,,
event_studies_master.csv,log1p_backward_cites,all,,-0.0380851630866633,0.0399622975389584,,0.340948200851825,,,,2011.0,-0.1165632743280707,0.040392948154744,0.0,,,,,,,,,,,,,,,,,,,,,,,
event_studies_master.csv,log1p_backward_cites,all,,0.0006597705951361,0.0144438568587966,,0.9635814046798472,,,,2012.0,-0.0277051302020353,0.0290246713923076,0.0,,,,,,,,,,,,,,,,,,,,,,,
event_studies_master.csv,log1p_backward_cites,all,,-0.1257117047681009,0.0084389807253119,,0.0,,,,2013.0,-0.1422842070742931,-0.1091392024619088,0.0,,,,,,,,,,,,,,,,,,,,,,,
event_studies_master.csv,log1p_backward_cites,all,,0.0,0.0,,,,,,2014.0,0.0,0.0,1.0,,,,,,,,,,,,,,,,,,,,,,,
event_studies_master.csv,log1p_backward_cites,all,,0.061568877241653,0.0239246656219309,,0.0103006842952413,,,,2015.0,0.0145855282922846,0.1085522261910214,0.0,,,,,,,,,,,,,,,,,,,,,,,
event_studies_master.csv,log1p_backward_cites,all,,0.0740225526093633,0.0117397859720753,,5.472682307328114e-10,,,,2016.0,0.0509679164596608,0.0970771887590659,0.0,,,,,,,,,,,,,,,,,,,,,,,
event_studies_master.csv,log1p_backward_cites,all,,0.210955036357473,0.0209071829288494,,0.0,,,,2017.0,0.169897431347772,0.252012641367174,0.0,,,,,,,,,,,,,,,,,,,,,,,
event_studies_master.csv,log1p_backward_cites,all,,0.1011851103821214,0.0146892550692007,,1.3907319740269486e-11,,,,2018.0,0.0723382956500526,0.1300319251141902,0.0,,,,,,,,,,,,,,,,,,,,,,,
event_studies_master.csv,log1p_forward_cites,all,,-0.4815999825919215,0.0250494738334227,,0.0,,,,2010.0,-0.5307922341665869,-0.432407731017256,0.0,,,,,,,,,,,,,,,,,,,,,,,
event_studies_master.csv,log1p_forward_cites,all,,-0.4479783160397613,0.0103452221957532,,0.0,,,,2011.0,-0.4682943025644079,-0.4276623295151146,0.0,,,,,,,,,,,,,,,,,,,,,,,
event_studies_master.csv,log1p_forward_cites,all,,-0.4272474560219396,0.0431690726769202,,0.0,,,,2012.0,-0.5120230444231075,-0.3424718676207717,0.0,,,,,,,,,,,,,,,,,,,,,,,
event_studies_master.csv,log1p_forward_cites,all,,-0.1642922031264694,0.0307156586813417,,1.2476186683763046e-07,,,,2013.0,-0.2246117299629202,-0.1039726762900185,0.0,,,,,,,,,,,,,,,,,,,,,,,
event_studies_master.csv,log1p_forward_cites,all,,0.0,0.0,,,,,,2014.0,0.0,0.0,1.0,,,,,,,,,,,,,,,,,,,,,,,
event_studies_master.csv,log1p_forward_cites,all,,-0.0916912339868378,0.0204773348981825,,8.984662595246107e-06,,,,2015.0,-0.131904701806111,-0.0514777661675647,0.0,,,,,,,,,,,,,,,,,,,,,,,
event_studies_master.csv,log1p_forward_cites,all,,-0.0148153379566278,0.0239615233049084,,0.5366070110396244,,,,2016.0,-0.0618710681634049,0.0322403922501492,0.0,,,,,,,,,,,,,,,,,,,,,,,
event_studies_master.csv,log1p_forward_cites,all,,-0.1677203650262214,0.0166614383697396,,0.0,,,,2017.0,-0.2004401607924075,-0.1350005692600352,0.0,,,,,,,,,,,,,,,,,,,,,,,
event_studies_master.csv,log1p_forward_cites,all,,-0.3058955673896451,0.0209760067495994,,0.0,,,,2018.0,-0.3470883288791658,-0.2647028059001243,0.0,,,,,,,,,,,,,,,,,,,,,,,
event_studies_master.csv,log1p_grant_delay_days,all,,0.1211713510102767,0.0270225299026118,,8.739986812056344e-06,,,,2010.0,0.0681035578554089,0.1742391441651445,0.0,,,,,,,,,,,,,,,,,,,,,,,
event_studies_master.csv,log1p_grant_delay_days,all,,0.1538237515326828,0.0086594912096779,,0.0,,,,2011.0,0.1368179386055532,0.1708295644598124,0.0,,,,,,,,,,,,,,,,,,,,,,,
event_studies_master.csv,log1p_grant_delay_days,all,,0.0408291772235818,0.0219605973436842,,0.0634767364789012,,,,2012.0,-0.0022978150155621,0.0839561694627257,0.0,,,,,,,,,,,,,,,,,,,,,,,
event_studies_master.csv,log1p_grant_delay_days,all,,0.152931280399741,0.0133398342752298,,0.0,,,,2013.0,0.1267340454040018,0.1791285153954802,0.0,,,,,,,,,,,,,,,,,,,,,,,
event_studies_master.csv,log1p_grant_delay_days,all,,0.0,0.0,,,,,,2014.0,0.0,0.0,1.0,,,,,,,,,,,,,,,,,,,,,,,
event_studies_master.csv,log1p_grant_delay_days,all,,-0.0052551028328896,0.011604030817974,,0.6508032399173613,,,,2015.0,-0.0280435060442202,0.0175333003784409,0.0,,,,,,,,,,,,,,,,,,,,,,,
event_studies_master.csv,log1p_grant_delay_days,all,,0.0935750601825045,0.0073405123440049,,0.0,,,,2016.0,0.0791595042694826,0.1079906160955263,0.0,,,,,,,,,,,,,,,,,,,,,,,
event_studies_master.csv,log1p_grant_delay_days,all,,0.1664533357517185,0.011182285812227,,0.0,,,,2017.0,0.1444931701928112,0.1884135013106258,0.0,,,,,,,,,,,,,,,,,,,,,,,
event_studies_master.csv,log1p_grant_delay_days,all,,0.1483228202768716,0.0099485807948911,,0.0,,,,2018.0,0.128785447954203,0.1678601925995402,0.0,,,,,,,,,,,,,,,,,,,,,,,
event_studies_master.csv,log1p_inventor_count,all,,0.0381862282767874,0.0065824173347358,,1.050705322747092e-08,,,,2010.0,0.0252596521876831,0.0511128043658917,0.0,,,,,,,,,,,,,,,,,,,,,,,
event_studies_master.csv,log1p_inventor_count,all,,0.0431207306895911,0.0046083515227904,,0.0,,,,2011.0,0.0340708325176332,0.0521706288615491,0.0,,,,,,,,,,,,,,,,,,,,,,,
event_studies_master.csv,log1p_inventor_count,all,,0.1079855804528575,0.0128155014617245,,2.220446049250313e-16,,,,2012.0,0.0828184501509231,0.1331527107547919,0.0,,,,,,,,,,,,,,,,,,,,,,,
event_studies_master.csv,log1p_inventor_count,all,,0.0249987265574494,0.0029418052802981,,2.220446049250313e-16,,,,2013.0,0.0192215982075909,0.0307758549073078,0.0,,,,,,,,,,,,,,,,,,,,,,,
event_studies_master.csv,log1p_inventor_count,all,,0.0,0.0,,,,,,2014.0,0.0,0.0,1.0,,,,,,,,,,,,,,,,,,,,,,,
event_studies_master.csv,log1p_inventor_count,all,,0.1073543245441294,0.0075315017849253,,0.0,,,,2015.0,0.0925639328176272,0.1221447162706316,0.0,,,,,,,,,,,,,,,,,,,,,,,
event_studies_master.csv,log1p_inventor_count,all,,0.0979407258667109,0.0068149276517522,,0.0,,,,2016.0,0.0845575451365498,0.111323906596872,0.0,,,,,,,,,,,,,,,,,,,,,,,
event_studies_master.csv,log1p_inventor_count,all,,0.0639538552940464,0.0064210616592909,,0.0,,,,2017.0,0.0513441500914235,0.0765635604966694,0.0,,,,,,,,,,,,,,,,,,,,,,,
event_studies_master.csv,log1p_inventor_count,all,,0.1048543798473713,0.0076365895111559,,0.0,,,,2018.0,0.0898576164461377,0.119851143248605,0.0,,,,,,,,,,,,,,,,,,,,,,,
event_studies_master.csv,log1p_reject_cites,all,,0.1132396320422151,0.0325014831260434,,0.0005285839852398,,,,2010.0,0.0494130963984679,0.1770661676859624,0.0,,,,,,,,,,,,,,,,,,,,,,,
event_studies_master.csv,log1p_reject_cites,all,,0.0309319454943098,0.0242054285811148,,0.2017662015099068,,,,2011.0,-0.0166027668175335,0.0784666578061531,0.0,,,,,,,,,,,,,,,,,,,,,,,
event_studies_master.csv,log1p_reject_cites,all,,0.0066279190153312,0.0248813869637288,,0.7900348057242175,,,,2012.0,-0.042234242928096,0.0554900809587584,0.0,,,,,,,,,,,,,,,,,,,,,,,
event_studies_master.csv,log1p_reject_cites,all,,0.0313545748477402,0.0070084416866899,,9.143445921289128e-06,,,,2013.0,0.0175913705229444,0.045117779172536,0.0,,,,,,,,,,,,,,,,,,,,,,,
event_studies_master.csv,log1p_reject_cites,all,,0.0,0.0,,,,,,2014.0,0.0,0.0,1.0,,,,,,,,,,,,,,,,,,,,,,,
event_studies_master.csv,log1p_reject_cites,all,,0.0618061398294311,0.0227537968392703,,0.0067860510834751,,,,2015.0,0.017122147429449,0.1064901322294133,0.0,,,,,,,,,,,,,,,,,,,,,,,
event_studies_master.csv,log1p_reject_cites,all,,0.091832681807634,0.0118849645513787,,4.463096558993129e-14,,,,2016.0,0.0684929434141143,0.1151724202011537,0.0,,,,,,,,,,,,,,,,,,,,,,,
event_studies_master.csv,log1p_reject_cites,all,,0.1883914158293184,0.0166195127301665,,0.0,,,,2017.0,0.1557539537928954,0.2210288778657414,0.0,,,,,,,,,,,,,,,,,,,,,,,
event_studies_master.csv,log1p_reject_cites,all,,0.1407954145574169,0.0138156136733949,,0.0,,,,2018.0,0.1136642601068497,0.167926569007984,0.0,,,,,,,,,,,,,,,,,,,,,,,
glm_binary_summary.csv,grant,,,0.2246074689761271,0.0643714260420911,,0.000687507686685,,,267958.0,,,,,,LPM_fullFE,0.2246074689761271,,,,,,,,,,,,,,,,,,,,
glm_binary_summary.csv,grant,,,0.4338815938189083,0.0306724327588023,,1.986636388456931e-45,,,267958.0,,,,,,Probit_reducedFE,0.1606906116669081,,,,,,,,,,,,,,,,,,,,
glm_binary_summary.csv,has_reject_cite,,,-0.2537278468631802,0.059173087191735,,3.771259598961407e-05,,,267958.0,,,,,,LPM_fullFE,-0.2537278468631802,,,,,,,,,,,,,,,,,,,,
glm_binary_summary.csv,has_reject_cite,,,-0.5392233645058865,0.0266672563471087,,6.471788497392761e-91,,,267958.0,,,,,,Probit_reducedFE,-0.2029728985620326,,,,,,,,,,,,,,,,,,,,
glm_count_summary.csv,backward_cites,,,-0.3784443140875749,0.1001441483724907,,0.0001726827235475,,,2637803.0,,,,,,log1p_OLS,,,,,,,,,,,,,,,,,,,,,
glm_count_summary.csv,backward_cites,,,-0.4900017282904819,0.1534491541612279,,0.0014068040519918,,,2637803.0,,,,,,Poisson_PML,,,,,,,,,,,,,,,,,,,,,
glm_count_summary.csv,forward_cites,,,0.2237761849355539,0.0729337778813569,,0.0022475498910674,,,2637803.0,,,,,,log1p_OLS,,,,,,,,,,,,,,,,,,,,,
glm_count_summary.csv,forward_cites,,,0.700116364382967,0.1899266029986879,,0.0002275855032884,,,2637803.0,,,,,,Poisson_PML,,,,,,,,,,,,,,,,,,,,,
glm_count_summary.csv,reject_cites,,,-0.4638236374546778,0.1021941345139469,,6.803488774353994e-06,,,2637803.0,,,,,,log1p_OLS,,,,,,,,,,,,,,,,,,,,,
glm_count_summary.csv,reject_cites,,,-0.7067865742990957,0.2518679652145436,,0.0050132847237749,,,2637803.0,,,,,,Poisson_PML,,,,,,,,,,,,,,,,,,,,,
glm_count_summary.csv,inventor_count,,,0.1570526264625186,0.0529727282555038,,0.0031455298112481,,,2637803.0,,,,,,log1p_OLS,,,,,,,,,,,,,,,,,,,,,
glm_count_summary.csv,inventor_count,,,0.1874387488205104,0.062678608765122,,0.0027854485626275,,,2637803.0,,,,,,Poisson_PML,,,,,,,,,,,,,,,,,,,,,
glm_count_summary.csv,applicant_count,,,-0.0211969327261634,0.0048067800381545,,1.2200191067845978e-05,,,2637803.0,,,,,,log1p_OLS,,,,,,,,,,,,,,,,,,,,,
glm_count_summary.csv,applicant_count,,,-0.0537782933197604,0.0116741661495494,,4.092928641785676e-06,,,2637803.0,,,,,,Poisson_PML,,,,,,,,,,,,,,,,,,,,,
granular_density_summary.csv,,,ai_core_density,1.1364347773897192,0.4100286945924405,,0.0055897472294017,,,94413.0,,,,,quadratic,,,,,,,,,,,,,,,,,,,,,,
granular_density_summary.csv,,,ai_core_density_sq,-1.2824259152267492,0.358174106648681,,0.0003448215964574,,,94413.0,,,,,quadratic,,,,,,,,,,,,,,,,,,,,,,
granular_density_summary.csv,,,log_total_apps,0.6762554671736938,0.007451111697949,,0.0,,,94413.0,,,,,quadratic,,,,,,,,,,,,,,,,,,,,,,
granular_density_summary.csv,,,ai_core_density,0.337840913533359,0.2505701034564218,,0.1775996876427839,,,94413.0,,,,,linear,,,,,,,,,,,,,,,,,,,,,,
granular_density_summary.csv,,,log_total_apps,0.6763551993968062,0.0074509946600454,,0.0,,,94413.0,,,,,linear,,,,,,,,,,,,,,,,,,,,,,
heterogeneity_interactions.csv,grant,,ai_core,0.3921429764180801,0.0335790052790765,,0.0,,,2637803.0,,,,,,,,corp,,,,,,,,,,,,,,,,,,,
heterogeneity_interactions.csv,grant,,first_is_corporation,0.1439697731624968,0.009802131756887,,0.0,,,2637803.0,,,,,,,,corp,,,,,,,,,,,,,,,,,,,
heterogeneity_interactions.csv,grant,,ai_x_corp,-0.0943018349674064,0.0123094119389265,,7.149836278586008e-14,,,2637803.0,,,,,,,,corp,,,,,,,,,,,,,,,,,,,
heterogeneity_interactions.csv,log1p_grant_delay_days,,ai_core,-0.6999103825964722,0.1118991986078322,,7.46067208012846e-10,,,1656342.0,,,,,,,,corp,,,,,,,,,,,,,,,,,,,
heterogeneity_interactions.csv,log1p_grant_delay_days,,first_is_corporation,0.3379536371265095,0.034706792772263,,0.0,,,1656342.0,,,,,,,,corp,,,,,,,,,,,,,,,,,,,
heterogeneity_interactions.csv,log1p_grant_delay_days,,ai_x_corp,0.5044687295132783,0.0608267704824271,,6.661338147750939e-16,,,1656342.0,,,,,,,,corp,,,,,,,,,,,,,,,,,,,
heterogeneity_interactions.csv,log1p_backward_cites,,ai_core,0.3574320442168575,0.1087696650669039,,0.0010731207848908,,,2637803.0,,,,,,,,corp,,,,,,,,,,,,,,,,,,,
heterogeneity_interactions.csv,log1p_backward_cites,,first_is_corporation,0.3069066103445363,0.0281937222289917,,0.0,,,2637803.0,,,,,,,,corp,,,,,,,,,,,,,,,,,,,
heterogeneity_interactions.csv,log1p_backward_cites,,ai_x_corp,-0.7897103328524114,0.0384014357574306,,0.0,,,2637803.0,,,,,,,,corp,,,,,,,,,,,,,,,,,,,
heterogeneity_interactions.csv,log1p_reject_cites,,ai_core,0.1644233912660966,0.1192951548982888,,0.1686115446077116,,,2637803.0,,,,,,,,corp,,,,,,,,,,,,,,,,,,,
heterogeneity_interactions.csv,log1p_reject_cites,,first_is_corporation,0.2089019903109916,0.0136988169117217,,0.0,,,2637803.0,,,,,,,,corp,,,,,,,,,,,,,,,,,,,
heterogeneity_interactions.csv,log1p_reject_cites,,ai_x_corp,-0.6742072422435003,0.0365284746069056,,0.0,,,2637803.0,,,,,,,,corp,,,,,,,,,,,,,,,,,,,
heterogeneity_interactions.csv,log1p_forward_cites,,ai_core,0.3038107868720542,0.0780499897577046,,0.000109980699833,,,2637803.0,,,,,,,,corp,,,,,,,,,,,,,,,,,,,
heterogeneity_interactions.csv,log1p_forward_cites,,first_is_corporation,0.0808493092289825,0.0246553262686167,,0.0010994540516973,,,2637803.0,,,,,,,,corp,,,,,,,,,,,,,,,,,,,
heterogeneity_interactions.csv,log1p_forward_cites,,ai_x_corp,-0.0858896354281792,0.0294812533281558,,0.003704573686768,,,2637803.0,,,,,,,,corp,,,,,,,,,,,,,,,,,,,
heterogeneity_interactions.csv,log1p_inventor_count,,ai_core,0.0529858088875248,0.0515584032183994,,0.3044993308355341,,,2637803.0,,,,,,,,corp,,,,,,,,,,,,,,,,,,,
heterogeneity_interactions.csv,log1p_inventor_count,,first_is_corporation,0.3325686111000707,0.0078729184780123,,0.0,,,2637803.0,,,,,,,,corp,,,,,,,,,,,,,,,,,,,
heterogeneity_interactions.csv,log1p_inventor_count,,ai_x_corp,0.1116796324457705,0.0090456381386799,,0.0,,,2637803.0,,,,,,,,corp,,,,,,,,,,,,,,,,,,,
heterogeneity_interactions.csv,log1p_applicant_count,,ai_core,-0.0596909959718462,0.0061769902254123,,0.0,,,2637803.0,,,,,,,,corp,,,,,,,,,,,,,,,,,,,
heterogeneity_interactions.csv,log1p_applicant_count,,first_is_corporation,-0.0526440157858569,0.0042885544844212,,0.0,,,2637803.0,,,,,,,,corp,,,,,,,,,,,,,,,,,,,
heterogeneity_interactions.csv,log1p_applicant_count,,ai_x_corp,0.0413102163069007,0.0038055429724482,,0.0,,,2637803.0,,,,,,,,corp,,,,,,,,,,,,,,,,,,,
heterogeneity_interactions.csv,grant,,ai_core,0.2816137645086849,0.0311445900936137,,0.0,,,2637803.0,,,,,,,,domestic,,,,,,,,,,,,,,,,,,,
heterogeneity_interactions.csv,grant,,domestic_first_applicant,-0.0204470691008638,0.007976664717358,,0.0106015412831013,,,2637803.0,,,,,,,,domestic,,,,,,,,,,,,,,,,,,,
heterogeneity_interactions.csv,grant,,ai_x_domestic,0.0343730285744616,0.0084407337900856,,5.25999285974077e-05,,,2637803.0,,,,,,,,domestic,,,,,,,,,,,,,,,,,,,
heterogeneity_interactions.csv,log1p_grant_delay_days,,ai_core,-0.2537690750650306,0.0906174721103578,,0.0052638585591033,,,1656342.0,,,,,,,,domestic,,,,,,,,,,,,,,,,,,,
heterogeneity_interactions.csv,log1p_grant_delay_days,,domestic_first_applicant,-0.1200410871999432,0.012816200987881,,0.0,,,1656342.0,,,,,,,,domestic,,,,,,,,,,,,,,,,,,,
heterogeneity_interactions.csv,log1p_grant_delay_days,,ai_x_domestic,0.0355519804253968,0.0172250072529031,,0.0394396785388959,,,1656342.0,,,,,,,,domestic,,,,,,,,,,,,,,,,,,,
heterogeneity_interactions.csv,log1p_backward_cites,,ai_core,-0.5484577020936771,0.0966960943932958,,2.1680205186669358e-08,,,2637803.0,,,,,,,,domestic,,,,,,,,,,,,,,,,,,,
heterogeneity_interactions.csv,log1p_backward_cites,,domestic_first_applicant,-0.1643148440104331,0.0228800509936644,,1.98463467881993e-12,,,2637803.0,,,,,,,,domestic,,,,,,,,,,,,,,,,,,,
heterogeneity_interactions.csv,log1p_backward_cites,,ai_x_domestic,0.2579409492888213,0.0232912578975229,,0.0,,,2637803.0,,,,,,,,domestic,,,,,,,,,,,,,,,,,,,
heterogeneity_interactions.csv,log1p_reject_cites,,ai_core,-0.5973144056654032,0.0950757955243902,,6.281879461056404e-10,,,2637803.0,,,,,,,,domestic,,,,,,,,,,,,,,,,,,,
heterogeneity_interactions.csv,log1p_reject_cites,,domestic_first_applicant,-0.2053790450548361,0.0182960612921879,,0.0,,,2637803.0,,,,,,,,domestic,,,,,,,,,,,,,,,,,,,
heterogeneity_interactions.csv,log1p_reject_cites,,ai_x_domestic,0.2025295529804547,0.0203759756161603,,0.0,,,2637803.0,,,,,,,,domestic,,,,,,,,,,,,,,,,,,,
heterogeneity_interactions.csv,log1p_forward_cites,,ai_core,0.1866426095000753,0.0704842595426408,,0.0083031973171816,,,2637803.0,,,,,,,,domestic,,,,,,,,,,,,,,,,,,,
heterogeneity_interactions.csv,log1p_forward_cites,,domestic_first_applicant,0.1900556217278866,0.0087600452118742,,0.0,,,2637803.0,,,,,,,,domestic,,,,,,,,,,,,,,,,,,,
heterogeneity_interactions.csv,log1p_forward_cites,,ai_x_domestic,0.0563383261203619,0.0112254582096285,,6.805298766732193e-07,,,2637803.0,,,,,,,,domestic,,,,,,,,,,,,,,,,,,,
heterogeneity_interactions.csv,log1p_inventor_count,,ai_core,0.1840463693084481,0.0493975500531057,,0.0002124879702942,,,2637803.0,,,,,,,,domestic,,,,,,,,,,,,,,,,,,,
heterogeneity_interactions.csv,log1p_inventor_count,,domestic_first_applicant,-0.1479768585910125,0.0111678858961984,,0.0,,,2637803.0,,,,,,,,domestic,,,,,,,,,,,,,,,,,,,
heterogeneity_interactions.csv,log1p_inventor_count,,ai_x_domestic,-0.0409547724342426,0.0132174607883416,,0.0020329507827889,,,2637803.0,,,,,,,,domestic,,,,,,,,,,,,,,,,,,,
heterogeneity_interactions.csv,log1p_applicant_count,,ai_core,-0.0209876654156852,0.0049197936309119,,2.3019104434141013e-05,,,2637803.0,,,,,,,,domestic,,,,,,,,,,,,,,,,,,,
heterogeneity_interactions.csv,log1p_applicant_count,,domestic_first_applicant,0.02345358316128,0.0015435011783363,,0.0,,,2637803.0,,,,,,,,domestic,,,,,,,,,,,,,,,,,,,
heterogeneity_interactions.csv,log1p_applicant_count,,ai_x_domestic,-0.0003174961859083,0.0012139553417409,,0.7937641821350516,,,2637803.0,,,,,,,,domestic,,,,,,,,,,,,,,,,,,,
heterogeneity_interactions.csv,grant,,ai_core,0.299897480416997,0.0308775871739173,,0.0,,,2637803.0,,,,,,,,indiv,,,,,,,,,,,,,,,,,,,
heterogeneity_interactions.csv,grant,,first_is_individual,-0.1620317478809829,0.011978934535665,,0.0,,,2637803.0,,,,,,,,indiv,,,,,,,,,,,,,,,,,,,
heterogeneity_interactions.csv,grant,,ai_x_indiv,0.1103718956064652,0.0113750196403147,,0.0,,,2637803.0,,,,,,,,indiv,,,,,,,,,,,,,,,,,,,
heterogeneity_interactions.csv,log1p_grant_delay_days,,ai_core,-0.1909483441907899,0.0968103864255644,,0.0490127936204305,,,1656342.0,,,,,,,,indiv,,,,,,,,,,,,,,,,,,,
heterogeneity_interactions.csv,log1p_grant_delay_days,,first_is_individual,-0.4834376061446835,0.0388177336217286,,0.0,,,1656342.0,,,,,,,,indiv,,,,,,,,,,,,,,,,,,,
heterogeneity_interactions.csv,log1p_grant_delay_days,,ai_x_indiv,-0.4084063514163537,0.0559469062562679,,8.957279362675763e-13,,,1656342.0,,,,,,,,indiv,,,,,,,,,,,,,,,,,,,
heterogeneity_interactions.csv,log1p_backward_cites,,ai_core,-0.4316936869478102,0.0944957549940246,,5.9334014648193545e-06,,,2637803.0,,,,,,,,indiv,,,,,,,,,,,,,,,,,,,
heterogeneity_interactions.csv,log1p_backward_cites,,first_is_individual,-0.3256966082196169,0.0548774846920116,,4.895101879398567e-09,,,2637803.0,,,,,,,,indiv,,,,,,,,,,,,,,,,,,,
heterogeneity_interactions.csv,log1p_backward_cites,,ai_x_indiv,0.8740146403330618,0.036093770307549,,0.0,,,2637803.0,,,,,,,,indiv,,,,,,,,,,,,,,,,,,,
heterogeneity_interactions.csv,log1p_reject_cites,,ai_core,-0.5109358508996464,0.1001498322192166,,4.482339726052942e-07,,,2637803.0,,,,,,,,indiv,,,,,,,,,,,,,,,,,,,
heterogeneity_interactions.csv,log1p_reject_cites,,first_is_individual,-0.0924797378585054,0.0232158386296662,,7.599211845077392e-05,,,2637803.0,,,,,,,,indiv,,,,,,,,,,,,,,,,,,,
heterogeneity_interactions.csv,log1p_reject_cites,,ai_x_indiv,0.7174384948610367,0.0397828151129492,,0.0,,,2637803.0,,,,,,,,indiv,,,,,,,,,,,,,,,,,,,
heterogeneity_interactions.csv,log1p_forward_cites,,ai_core,0.2201330670175011,0.0734969105336251,,0.0028528634840283,,,2637803.0,,,,,,,,indiv,,,,,,,,,,,,,,,,,,,
heterogeneity_interactions.csv,log1p_forward_cites,,first_is_individual,-0.342552989217517,0.053100340897233,,2.2408941369178592e-10,,,2637803.0,,,,,,,,indiv,,,,,,,,,,,,,,,,,,,
heterogeneity_interactions.csv,log1p_forward_cites,,ai_x_indiv,0.1511957682514043,0.019628626327092,,5.306866057708248e-14,,,2637803.0,,,,,,,,indiv,,,,,,,,,,,,,,,,,,,
heterogeneity_interactions.csv,log1p_inventor_count,,ai_core,0.1666501206499191,0.0539940840097797,,0.0021161002151708,,,2637803.0,,,,,,,,indiv,,,,,,,,,,,,,,,,,,,
heterogeneity_interactions.csv,log1p_inventor_count,,first_is_individual,-0.1190933265226246,0.0216621737442325,,5.6298429029766346e-08,,,2637803.0,,,,,,,,indiv,,,,,,,,,,,,,,,,,,,
heterogeneity_interactions.csv,log1p_inventor_count,,ai_x_indiv,-0.1077641822242759,0.0075173940969322,,0.0,,,2637803.0,,,,,,,,indiv,,,,,,,,,,,,,,,,,,,
heterogeneity_interactions.csv,log1p_applicant_count,,ai_core,-0.0187228014866829,0.0049710493133075,,0.000181442680071,,,2637803.0,,,,,,,,indiv,,,,,,,,,,,,,,,,,,,
heterogeneity_interactions.csv,log1p_applicant_count,,first_is_individual,0.054926121003149,0.0048957713061464,,0.0,,,2637803.0,,,,,,,,indiv,,,,,,,,,,,,,,,,,,,
heterogeneity_interactions.csv,log1p_applicant_count,,ai_x_indiv,-0.0516381310052633,0.0037897850911,,0.0,,,2637803.0,,,,,,,,indiv,,,,,,,,,,,,,,,,,,,
heterogeneity_period_split.csv,grant,,ai_core,0.4001232736400107,0.030590012789544,,0.0,,,1512978.0,,,,,,,,,pre_boom_2010_2014,,,,,,,,,,,,,,,,,,
heterogeneity_period_split.csv,log1p_grant_delay_days,,ai_core,0.0637949557819157,0.1224281514206049,,0.6025021233141787,,,920226.0,,,,,,,,,pre_boom_2010_2014,,,,,,,,,,,,,,,,,,
heterogeneity_period_split.csv,log1p_backward_cites,,ai_core,-0.2567950945435678,0.3579606930387822,,0.4734134678395014,,,1512978.0,,,,,,,,,pre_boom_2010_2014,,,,,,,,,,,,,,,,,,
heterogeneity_period_split.csv,log1p_reject_cites,,ai_core,-0.2926666515740694,0.3444257647785463,,0.3958138691366528,,,1512978.0,,,,,,,,,pre_boom_2010_2014,,,,,,,,,,,,,,,,,,
heterogeneity_period_split.csv,log1p_forward_cites,,ai_core,0.1838946540181292,0.1101467144385287,,0.0955254475150526,,,1512978.0,,,,,,,,,pre_boom_2010_2014,,,,,,,,,,,,,,,,,,
heterogeneity_period_split.csv,log1p_inventor_count,,ai_core,0.0384243572339145,0.001753174682329,,0.0,,,1512978.0,,,,,,,,,pre_boom_2010_2014,,,,,,,,,,,,,,,,,,
heterogeneity_period_split.csv,log1p_applicant_count,,ai_core,-0.024570277571537,0.0055299416329054,,1.0538359090261906e-05,,,1512978.0,,,,,,,,,pre_boom_2010_2014,,,,,,,,,,,,,,,,,,
heterogeneity_period_split.csv,grant,,ai_core,0.2790590218074179,0.0360054448342058,,3.8413716652030416e-14,,,1124825.0,,,,,,,,,post_boom_2015_2018,,,,,,,,,,,,,,,,,,
heterogeneity_period_split.csv,log1p_grant_delay_days,,ai_core,-0.3003446936217488,0.103921042868491,,0.0039889558059045,,,736116.0,,,,,,,,,post_boom_2015_2018,,,,,,,,,,,,,,,,,,
heterogeneity_period_split.csv,log1p_backward_cites,,ai_core,-0.37711574355058,0.1097623751446692,,0.0006309993950259,,,1124825.0,,,,,,,,,post_boom_2015_2018,,,,,,,,,,,,,,,,,,
heterogeneity_period_split.csv,log1p_reject_cites,,ai_core,-0.4808785410721337,0.1054085920062003,,6.124368834292682e-06,,,1124825.0,,,,,,,,,post_boom_2015_2018,,,,,,,,,,,,,,,,,,
heterogeneity_period_split.csv,log1p_forward_cites,,ai_core,0.2284534289610686,0.0868171957895261,,0.0087172533415889,,,1124825.0,,,,,,,,,post_boom_2015_2018,,,,,,,,,,,,,,,,,,
heterogeneity_period_split.csv,log1p_inventor_count,,ai_core,0.1795303716194259,0.0708344169102592,,0.0115090484013542,,,1124825.0,,,,,,,,,post_boom_2015_2018,,,,,,,,,,,,,,,,,,
heterogeneity_period_split.csv,log1p_applicant_count,,ai_core,-0.0205455247031914,0.0056374955843022,,0.0002907717342157,,,1124825.0,,,,,,,,,post_boom_2015_2018,,,,,,,,,,,,,,,,,,
heterogeneity_subsamples.csv,grant,,ai_core,0.288399079083903,0.032625583994369,,0.0,,,2552147.0,,,,,,,,,,corporate,,,,,,,,,,,,,,,,,
heterogeneity_subsamples.csv,log1p_grant_delay_days,,ai_core,-0.1807768790776812,0.1089161682058314,,0.0974709927791339,,,1616474.0,,,,,,,,,,corporate,,,,,,,,,,,,,,,,,
heterogeneity_subsamples.csv,log1p_backward_cites,,ai_core,-0.4316251340491988,0.0915096118259081,,2.9675373200976907e-06,,,2552147.0,,,,,,,,,,corporate,,,,,,,,,,,,,,,,,
heterogeneity_subsamples.csv,log1p_reject_cites,,ai_core,-0.5012117779574476,0.0909311096444835,,5.221843091263168e-08,,,2552147.0,,,,,,,,,,corporate,,,,,,,,,,,,,,,,,
heterogeneity_subsamples.csv,log1p_forward_cites,,ai_core,0.2209079330050955,0.0812086375001346,,0.0067073404487461,,,2552147.0,,,,,,,,,,corporate,,,,,,,,,,,,,,,,,
heterogeneity_subsamples.csv,log1p_inventor_count,,ai_core,0.1690965301311448,0.0583309061068695,,0.0038778288719927,,,2552147.0,,,,,,,,,,corporate,,,,,,,,,,,,,,,,,
heterogeneity_subsamples.csv,log1p_applicant_count,,ai_core,-0.0180590317316046,0.0052011189745885,,0.0005524743214224,,,2552147.0,,,,,,,,,,corporate,,,,,,,,,,,,,,,,,
heterogeneity_subsamples.csv,grant,,ai_core,0.6203276129387149,0.0478014592468914,,0.0,,,66865.0,,,,,,,,,,individual,,,,,,,,,,,,,,,,,
heterogeneity_subsamples.csv,log1p_grant_delay_days,,ai_core,-0.5872907966665809,0.6953344522358076,,0.3987142822349085,,,28131.0,,,,,,,,,,individual,,,,,,,,,,,,,,,,,
heterogeneity_subsamples.csv,log1p_backward_cites,,ai_core,0.4207480800502682,0.722631349302337,,0.5606338993289286,,,66865.0,,,,,,,,,,individual,,,,,,,,,,,,,,,,,
heterogeneity_subsamples.csv,log1p_reject_cites,,ai_core,0.0016940600408851,0.7965319322699699,,0.9983038138411332,,,66865.0,,,,,,,,,,individual,,,,,,,,,,,,,,,,,
heterogeneity_subsamples.csv,log1p_forward_cites,,ai_core,0.4392743834263607,0.3287295437412198,,0.1819950600999629,,,66865.0,,,,,,,,,,individual,,,,,,,,,,,,,,,,,
heterogeneity_subsamples.csv,log1p_inventor_count,,ai_core,-0.0406817358619269,0.007857948452425,,3.135305919332865e-07,,,66865.0,,,,,,,,,,individual,,,,,,,,,,,,,,,,,
heterogeneity_subsamples.csv,log1p_applicant_count,,ai_core,-0.0189622577425764,0.0100887411810724,,0.0606834012161148,,,66865.0,,,,,,,,,,individual,,,,,,,,,,,,,,,,,
heterogeneity_subsamples.csv,grant,,ai_core,0.3172832312468925,0.0511711398948392,,1.0311431708487362e-09,,,2100886.0,,,,,,,,,,domestic,,,,,,,,,,,,,,,,,
heterogeneity_subsamples.csv,log1p_grant_delay_days,,ai_core,-0.343445612992845,0.1460801805349335,,0.0190364993626601,,,1306637.0,,,,,,,,,,domestic,,,,,,,,,,,,,,,,,
heterogeneity_subsamples.csv,log1p_backward_cites,,ai_core,-0.2871464627911161,0.1466203211098985,,0.0506290551730899,,,2100886.0,,,,,,,,,,domestic,,,,,,,,,,,,,,,,,
heterogeneity_subsamples.csv,log1p_reject_cites,,ai_core,-0.3489725657113783,0.1851229187028952,,0.059887941920955,,,2100886.0,,,,,,,,,,domestic,,,,,,,,,,,,,,,,,
heterogeneity_subsamples.csv,log1p_forward_cites,,ai_core,0.3707746751208861,0.1081793043260366,,0.0006499117180276,,,2100886.0,,,,,,,,,,domestic,,,,,,,,,,,,,,,,,
heterogeneity_subsamples.csv,log1p_inventor_count,,ai_core,0.2259800202620621,0.0772358917835209,,0.0035615706349294,,,2100886.0,,,,,,,,,,domestic,,,,,,,,,,,,,,,,,
heterogeneity_subsamples.csv,log1p_applicant_count,,ai_core,-0.0261268003107671,0.0063328898714253,,4.2056284833558166e-05,,,2100886.0,,,,,,,,,,domestic,,,,,,,,,,,,,,,,,
heterogeneity_subsamples.csv,grant,,ai_core,0.2678955079325257,0.0101442503666756,,0.0,,,536917.0,,,,,,,,,,foreign,,,,,,,,,,,,,,,,,
heterogeneity_subsamples.csv,log1p_grant_delay_days,,ai_core,0.0497167273336042,0.0449765887662915,,0.2694421776953655,,,349705.0,,,,,,,,,,foreign,,,,,,,,,,,,,,,,,
heterogeneity_subsamples.csv,log1p_backward_cites,,ai_core,-0.5187508237571355,0.1427126563524281,,0.0003019543264122,,,536917.0,,,,,,,,,,foreign,,,,,,,,,,,,,,,,,
heterogeneity_subsamples.csv,log1p_reject_cites,,ai_core,-0.6632179654684607,0.1758811440170674,,0.0001788378321234,,,536917.0,,,,,,,,,,foreign,,,,,,,,,,,,,,,,,
heterogeneity_subsamples.csv,log1p_forward_cites,,ai_core,0.0058615846197176,0.0478468898905409,,0.9025384982777797,,,536917.0,,,,,,,,,,foreign,,,,,,,,,,,,,,,,,
heterogeneity_subsamples.csv,log1p_inventor_count,,ai_core,-0.0209838621704024,0.0852573449676736,,0.8056707098875484,,,536917.0,,,,,,,,,,foreign,,,,,,,,,,,,,,,,,
heterogeneity_subsamples.csv,log1p_applicant_count,,ai_core,-0.0125974387056442,0.0019520016828579,,2.2559198953331358e-10,,,536917.0,,,,,,,,,,foreign,,,,,,,,,,,,,,,,,
heterogeneity_top50.csv,grant,,ai_core,0.3029066090236408,0.0303341552874457,,0.0,,,2637803.0,,,,,top50_applicants,,,,,,,,,,,,,,,,,,,,,,
heterogeneity_top50.csv,grant,,is_top_applicant,-0.0222917450509693,0.004761221535869,,3.4942895299483467e-06,,,2637803.0,,,,,top50_applicants,,,,,,,,,,,,,,,,,,,,,,
heterogeneity_top50.csv,grant,,ai_x_top,7.391279164510602e-05,0.0051937165093124,,0.9886501181137411,,,2637803.0,,,,,top50_applicants,,,,,,,,,,,,,,,,,,,,,,
heterogeneity_top50.csv,log1p_grant_delay_days,,ai_core,-0.2825192696225686,0.0893108991903734,,0.0016368070118504,,,1656342.0,,,,,top50_applicants,,,,,,,,,,,,,,,,,,,,,,
heterogeneity_top50.csv,log1p_grant_delay_days,,is_top_applicant,0.0182363354748146,0.0152281179737585,,0.2315568416917943,,,1656342.0,,,,,top50_applicants,,,,,,,,,,,,,,,,,,,,,,
heterogeneity_top50.csv,log1p_grant_delay_days,,ai_x_top,0.1523594362873991,0.0159749510706898,,0.0,,,1656342.0,,,,,top50_applicants,,,,,,,,,,,,,,,,,,,,,,
heterogeneity_top50.csv,log1p_backward_cites,,ai_core,-0.3739152017707255,0.1021590503077605,,0.000273607322933,,,2637803.0,,,,,top50_applicants,,,,,,,,,,,,,,,,,,,,,,
heterogeneity_top50.csv,log1p_backward_cites,,is_top_applicant,-0.0641711704901553,0.0121221492740491,,1.6667446400830954e-07,,,2637803.0,,,,,top50_applicants,,,,,,,,,,,,,,,,,,,,,,
heterogeneity_top50.csv,log1p_backward_cites,,ai_x_top,-0.0230344807955669,0.015786167502409,,0.1450294345964355,,,2637803.0,,,,,top50_applicants,,,,,,,,,,,,,,,,,,,,,,
heterogeneity_top50.csv,log1p_reject_cites,,ai_core,-0.4516066431428777,0.1045303761654943,,1.8145789867141104e-05,,,2637803.0,,,,,top50_applicants,,,,,,,,,,,,,,,,,,,,,,
heterogeneity_top50.csv,log1p_reject_cites,,is_top_applicant,-0.0612466972327339,0.0101249816791119,,2.52192511318583e-09,,,2637803.0,,,,,top50_applicants,,,,,,,,,,,,,,,,,,,,,,
heterogeneity_top50.csv,log1p_reject_cites,,ai_x_top,-0.0436958566548989,0.0136228379855179,,0.001407801124464,,,2637803.0,,,,,top50_applicants,,,,,,,,,,,,,,,,,,,,,,
heterogeneity_top50.csv,log1p_forward_cites,,ai_core,0.2496683391391886,0.0725675761345154,,0.0006197187578771,,,2637803.0,,,,,top50_applicants,,,,,,,,,,,,,,,,,,,,,,
heterogeneity_top50.csv,log1p_forward_cites,,is_top_applicant,0.0018343908337361,0.0053945681666351,,0.7339387074667199,,,2637803.0,,,,,top50_applicants,,,,,,,,,,,,,,,,,,,,,,
heterogeneity_top50.csv,log1p_forward_cites,,ai_x_top,-0.0709070551570146,0.0084521087017528,,4.440892098500626e-16,,,2637803.0,,,,,top50_applicants,,,,,,,,,,,,,,,,,,,,,,
heterogeneity_top50.csv,log1p_inventor_count,,ai_core,0.173058701440257,0.0522474468035667,,0.0009792452711998,,,2637803.0,,,,,top50_applicants,,,,,,,,,,,,,,,,,,,,,,
heterogeneity_top50.csv,log1p_inventor_count,,is_top_applicant,0.019182236446043,0.0091291171102219,,0.0360258096197143,,,2637803.0,,,,,top50_applicants,,,,,,,,,,,,,,,,,,,,,,
heterogeneity_top50.csv,log1p_inventor_count,,ai_x_top,-0.0410139317853088,0.0134515352977311,,0.0023939444020577,,,2637803.0,,,,,top50_applicants,,,,,,,,,,,,,,,,,,,,,,
heterogeneity_top50.csv,log1p_applicant_count,,ai_core,-0.0247190123824675,0.0046084345750334,,1.1521819165416505e-07,,,2637803.0,,,,,top50_applicants,,,,,,,,,,,,,,,,,,,,,,
heterogeneity_top50.csv,log1p_applicant_count,,is_top_applicant,-0.0170994620133645,0.0017045885085051,,0.0,,,2637803.0,,,,,top50_applicants,,,,,,,,,,,,,,,,,,,,,,
heterogeneity_top50.csv,log1p_applicant_count,,ai_x_top,0.0070640158445128,0.0017165483858108,,4.391389728120032e-05,,,2637803.0,,,,,top50_applicants,,,,,,,,,,,,,,,,,,,,,,
multiple_testing_corrected.csv,grant,,ai_core,0.304,0.032,,1e-300,,,,,,,,,,,,,,9e-300,1.7999999999999997e-300,1.0,1.0,1.0,,,,,,,,,,,,
multiple_testing_corrected.csv,grant_delay,,ai_core,-0.231,0.091,,0.011,,,,,,,,,,,,,,0.033,0.0141428571428571,1.0,1.0,1.0,,,,,,,,,,,,
multiple_testing_corrected.csv,claim_reduction,,ai_core,-0.001,0.0,,0.014,,,,,,,,,,,,,,0.033,0.01575,1.0,1.0,1.0,,,,,,,,,,,,
multiple_testing_corrected.csv,claim_reduction_rate,,ai_core,-0.0,0.0,,0.036,,,,,,,,,,,,,,0.036,0.036,1.0,1.0,1.0,,,,,,,,,,,,
multiple_testing_corrected.csv,backward_cites,,ai_core,-0.378,0.1,,1e-300,,,,,,,,,,,,,,9e-300,1.7999999999999997e-300,1.0,1.0,1.0,,,,,,,,,,,,
multiple_testing_corrected.csv,reject_cites,,ai_core,-0.464,0.102,,1e-300,,,,,,,,,,,,,,9e-300,1.7999999999999997e-300,1.0,1.0,1.0,,,,,,,,,,,,
multiple_testing_corrected.csv,has_reject_cite,,ai_core,-0.242,0.058,,1e-300,,,,,,,,,,,,,,9e-300,1.7999999999999997e-300,1.0,1.0,1.0,,,,,,,,,,,,
multiple_testing_corrected.csv,inventor_count,,ai_core,0.149,0.055,,0.008,,,,,,,,,,,,,,0.032,0.012,1.0,1.0,1.0,,,,,,,,,,,,
multiple_testing_corrected.csv,applicant_count,,ai_core,-0.021,0.005,,1e-300,,,,,,,,,,,,,,9e-300,1.7999999999999997e-300,1.0,1.0,1.0,,,,,,,,,,,,
multiway_cluster_summary.csv,grant,,,0.3042696284189603,0.0315867881769975,9.632813146875728,0.0,,,2637803.0,,,,,,,,,,,,,,,,1way_class1,,,,,,,,,,,
multiway_cluster_summary.csv,grant,,,0.3042696284189603,0.0363513016016765,8.37025402152113,3.1485245195694844e-05,,,2637803.0,,,,,,,,,,,,,,,,2way_class1_year,,,,,,,,,,,
multiway_cluster_summary.csv,log1p_grant_delay_days,,,-0.2306196899942242,0.0907024878633925,-2.5425949764637275,0.0112476632410007,,,1656342.0,,,,,,,,,,,,,,,,1way_class1,,,,,,,,,,,
multiway_cluster_summary.csv,log1p_grant_delay_days,,,-0.2306196899942242,0.0509296102125945,-4.52820449698226,0.001928927760068,,,1656342.0,,,,,,,,,,,,,,,,2way_class1_year,,,,,,,,,,,
multiway_cluster_summary.csv,log1p_backward_cites,,,-0.3784443140875749,0.1001441483724907,-3.778995779962438,0.0001726827235475,,,2637803.0,,,,,,,,,,,,,,,,1way_class1,,,,,,,,,,,
multiway_cluster_summary.csv,log1p_backward_cites,,,-0.3784443140875749,0.1232718690033735,-3.0699973736685866,0.0153479712819,,,2637803.0,,,,,,,,,,,,,,,,2way_class1_year,,,,,,,,,,,
multiway_cluster_summary.csv,log1p_reject_cites,,,-0.4638236374546778,0.1021941345139469,-4.53865223929635,6.803488774353994e-06,,,2637803.0,,,,,,,,,,,,,,,,1way_class1,,,,,,,,,,,
multiway_cluster_summary.csv,log1p_reject_cites,,,-0.4638236374546778,0.1073581243297495,-4.320340359431464,0.0025449011601965,,,2637803.0,,,,,,,,,,,,,,,,2way_class1_year,,,,,,,,,,,
multiway_cluster_summary.csv,log1p_forward_cites,,,0.2237761849355539,0.0729337778813569,3.068210525164016,0.0022475498910674,,,2637803.0,,,,,,,,,,,,,,,,1way_class1,,,,,,,,,,,
multiway_cluster_summary.csv,log1p_forward_cites,,,0.2237761849355539,0.0380859828202251,5.875552325689752,0.0003718659018339,,,2637803.0,,,,,,,,,,,,,,,,2way_class1_year,,,,,,,,,,,
multiway_cluster_summary.csv,log1p_inventor_count,,,0.1570526264625186,0.0529727282555038,2.964782665242487,0.0031455298112481,,,2637803.0,,,,,,,,,,,,,,,,1way_class1,,,,,,,,,,,
multiway_cluster_summary.csv,log1p_inventor_count,,,0.1570526264625186,0.0364689369865121,4.306476674124169,0.0025929655766689,,,2637803.0,,,,,,,,,,,,,,,,2way_class1_year,,,,,,,,,,,
multiway_cluster_summary.csv,log1p_applicant_count,,,-0.0211969327261634,0.0048067800381545,-4.409798775460786,1.2200191067845978e-05,,,2637803.0,,,,,,,,,,,,,,,,1way_class1,,,,,,,,,,,
multiway_cluster_summary.csv,log1p_applicant_count,,,-0.0211969327261634,0.0044201626201478,-4.795509701282102,0.001363339874274,,,2637803.0,,,,,,,,,,,,,,,,2way_class1_year,,,,,,,,,,,
multiway_cluster_summary.csv,has_reject_cite,,,-0.2416747763576431,0.0583380925860668,-4.142658178292297,3.91040817944166e-05,,,2637803.0,,,,,,,,,,,,,,,,1way_class1,,,,,,,,,,,
multiway_cluster_summary.csv,has_reject_cite,,,-0.2416747763576431,0.0326814405469033,-7.394863026640442,7.657079961109758e-05,,,2637803.0,,,,,,,,,,,,,,,,2way_class1_year,,,,,,,,,,,
oster_delta_summary.csv,grant,,,,,,,,,2637803.0,,,,,,,,,,,,,,,,,0.312116727776528,0.3042696284189603,0.018197717874923,0.0277875514860463,0.0361238169318603,44.60555931899579,YES,,,,
oster_delta_summary.csv,log1p_grant_delay_days,,,,,,,,,1656342.0,,,,,,,,,,,,,,,,,-0.2400407776947727,-0.2306196899942242,0.0404615978611314,0.0570997657080161,0.0742296954204209,23.776353964081537,YES,,,,
oster_delta_summary.csv,log1p_backward_cites,,,,,,,,,2637803.0,,,,,,,,,,,,,,,,,-0.3468118077754026,-0.3784443140875749,0.0322766171988032,0.0460642892798233,0.0598835760637703,-11.936409164852426,YES,,,,
oster_delta_summary.csv,log1p_reject_cites,,,,,,,,,2637803.0,,,,,,,,,,,,,,,,,-0.4314826248068055,-0.4638236374546778,0.0298524536118689,0.0435886416961652,0.0566652342050148,-15.065061243211447,YES,,,,
oster_delta_summary.csv,log1p_forward_cites,,,,,,,,,2637803.0,,,,,,,,,,,,,,,,,0.2209944900619861,0.2237761849355539,0.1508214249482696,0.1627189142405032,0.2115345885126542,-19.60651497900694,YES,,,,
oster_delta_summary.csv,log1p_inventor_count,,,,,,,,,2637803.0,,,,,,,,,,,,,,,,,0.1529955392747867,0.1570526264625186,0.0722804857373836,0.1417383262390589,0.1842598241107766,-63.23297058543944,YES,,,,
oster_delta_summary.csv,log1p_applicant_count,,,,,,,,,2637803.0,,,,,,,,,,,,,,,,,-0.0124813822516818,-0.0211969327261634,0.0244216396532123,0.0649281160910515,0.084406550918367,-5.0576481033716005,YES,,,,
oster_delta_summary.csv,has_reject_cite,,,,,,,,,2637803.0,,,,,,,,,,,,,,,,,-0.2213514369983188,-0.2416747763576431,0.0200534449734539,0.0411988308635862,0.053558480122662,-20.344439293288104,YES,,,,
reason_decomp_regressions.csv,,,,0.0,0.0,,,,,2637803.0,,,,,,,,,,,,,,,,,,,,,,,,exam_pre_grant,0.0,0.0,
reason_decomp_regressions.csv,,,,-0.4638236374546778,0.1021941345139469,,6.803488774353994e-06,,,2637803.0,,,,,,,,,,,,,,,,,,,,,,,,refusal_related,3.2237134463794304,1704553.0,
reason_decomp_regressions.csv,,,,0.003798803168169,0.0597444109252676,,0.9493218052549106,,,2637803.0,,,,,,,,,,,,,,,,,,,,,,,,post_grant_ref,2.616712847775213,1580654.0,
reason_decomp_regressions.csv,,,,-0.1474462269466827,0.0255798775530327,,1.2953011996330588e-08,,,2637803.0,,,,,,,,,,,,,,,,,,,,,,,,trial_appeal,0.5423164656344693,451485.0,
self_external_citations.csv,,,,-0.135393247911149,0.0446339147386564,,0.0025192951718751,,,2637803.0,,,,,,,,,,,,,,,,,,,,,,,,,,,self_cites
self_external_citations.csv,,,,-0.3353263249442983,0.1077864501226464,,0.0019501801656525,,,2637803.0,,,,,,,,,,,,,,,,,,,,,,,,,,,external_cites
self_external_citations.csv,,,,-0.0294782464605552,0.0318301330022433,,0.3547508123706244,,,2018205.0,,,,,,,,,,,,,,,,,,,,,,,,,,,self_cite_share
value_analysis_summary.csv,,,,0.2237761849355539,0.0729337778813569,,0.0022475498910674,,,2637803.0,,,,,full_sample_log1p_OLS,,,,,,,,,,,,,,,,,,,,,,
value_analysis_summary.csv,,,,0.2293678710022443,0.0793167550029707,,0.0039660471772227,,,1656342.0,,,,,granted_only_log1p_OLS,,,,,,,,,,,,,,,,,,,,,,
value_analysis_summary.csv,,,,0.700116364382967,0.1899266029986879,,0.0002275855032884,,,2637803.0,,,,,full_sample_PoissonPML,,,,,,,,,,,,,,,,,,,,,,
value_analysis_summary.csv,,,,0.1319578371335447,0.0417729120302893,,0.0016606234536828,,,2637803.0,,,,,has_forward_LPM,,,,,,,,,,,,,,,,,,,,,,
value_analysis_summary.csv,,,,0.1838946540181292,0.1101467144385287,,0.0955254475150526,,,1512978.0,,,,,period_2010_2014_log1p_OLS,,,,,,,,,,,,,,,,,,,,,,
value_analysis_summary.csv,,,,0.2284534289610686,0.0868171957895261,,0.0087172533415889,,,1124825.0,,,,,period_2015_2018_log1p_OLS,,,,,,,,,,,,,,,,,,,,,,
value_analysis_summary.csv,,,,0.6352666721309657,0.200222457760136,,0.0015097426026349,,,1656342.0,,,,,granted_only_PoissonPML,,,,,,,,,,,,,,,,,,,,,,
